created_at,temperature,humidity,motion,gas,alarm,is_night,motion_duration_sec,class,reason
2026-06-21T01:13:14.878081,31.1,57.0,0,0,0,1,0,0,normal
2026-06-21T01:13:16.883211,31.9,57.0,1,0,0,1,0,1,warm
2026-06-21T01:13:18.888892,31.2,57.0,0,0,0,1,0,1,warm
2026-06-21T01:13:20.895725,31.2,57.0,0,0,0,1,0,1,warm
2026-06-21T01:13:22.901038,31.1,57.0,0,0,0,1,0,1,warm
2026-06-21T01:13:24.909082,31.1,57.0,0,0,0,1,0,1,warm
2026-06-21T01:13:28.920381,31.1,57.0,0,0,0,1,0,1,warm
2026-06-21T01:13:28.920381,31.0,57.0,0,0,0,1,0,1,warm
2026-06-21T01:13:30.924682,31.7,57.0,0,0,0,1,0,1,warm
2026-06-21T01:13:34.936616,31.2,57.0,0,0,0,1,0,1,warm
2026-06-21T01:13:34.938316,31.8,57.0,0,0,0,1,0,1,warm
2026-06-21T01:13:36.942452,31.0,57.0,0,0,0,1,0,1,warm
2026-06-21T01:13:38.949887,31.3,57.0,0,0,0,1,0,1,warm
2026-06-21T01:13:40.955363,31.3,57.0,0,0,0,1,0,1,warm
2026-06-21T01:13:42.961810,31.1,57.0,0,0,0,1,0,1,warm
2026-06-21T01:13:46.972572,31.2,57.0,1,0,0,1,0,1,warm
2026-06-21T01:13:46.973717,31.1,57.0,0,0,0,1,0,1,warm
2026-06-21T01:13:48.979096,31.3,57.0,0,0,0,1,0,1,warm
2026-06-21T01:13:50.985454,31.4,57.0,0,0,0,1,0,1,warm
2026-06-21T01:13:52.991491,31.2,57.0,0,0,0,1,0,1,warm
2026-06-21T01:13:54.996119,31.0,57.0,0,0,0,1,0,1,warm
2026-06-21T01:13:57.001731,31.2,57.0,0,0,0,1,0,1,warm
2026-06-21T01:13:59.007944,31.5,57.0,0,0,0,1,0,1,warm
2026-06-21T01:14:01.014712,31.3,57.0,0,0,0,1,0,1,warm
2026-06-21T01:14:03.020671,31.1,57.0,0,0,0,1,0,1,warm
2026-06-21T01:14:05.026401,31.8,57.0,0,0,0,1,0,1,warm
2026-06-21T01:14:07.031222,31.0,57.0,0,0,0,1,0,1,warm
2026-06-21T01:14:09.038112,31.2,57.0,0,0,0,1,0,1,warm
2026-06-21T01:14:11.043738,31.0,57.0,0,0,0,1,0,1,warm
2026-06-21T01:14:15.056785,31.2,57.0,0,0,0,1,0,1,warm
2026-06-21T01:14:15.057805,31.1,57.0,0,0,0,1,0,1,warm
2026-06-21T01:14:19.067735,31.2,57.0,0,0,0,1,0,1,warm
2026-06-21T01:14:19.068778,31.7,57.0,0,0,0,1,0,1,warm
2026-06-21T01:14:21.073252,31.2,57.0,0,0,0,1,0,1,warm
2026-06-21T01:14:23.078836,31.4,57.0,1,0,0,1,0,1,warm
2026-06-21T01:14:27.090972,31.1,57.0,0,0,0,1,0,1,warm
2026-06-21T01:14:27.091948,31.8,57.0,0,0,0,1,0,1,warm
2026-06-21T01:14:29.095994,31.0,57.0,0,0,0,1,0,1,warm
2026-06-21T01:14:31.102844,31.8,57.0,0,0,0,1,0,1,warm
2026-06-21T01:14:33.107554,31.1,57.0,0,0,0,1,0,1,warm
2026-06-21T01:14:35.112681,31.3,57.0,0,0,0,1,0,1,warm
2026-06-21T01:14:37.119500,31.7,57.0,0,0,0,1,0,1,warm
2026-06-21T01:14:39.125154,31.8,57.0,0,0,0,1,0,1,warm
2026-06-21T01:14:41.131672,31.1,57.0,0,0,0,1,0,1,warm
2026-06-21T01:14:43.136552,31.0,57.0,0,0,0,1,0,1,warm
2026-06-21T01:14:45.141774,31.4,57.0,0,0,0,1,0,1,warm
2026-06-21T01:14:47.148239,31.1,57.0,0,0,0,1,0,1,warm
2026-06-21T01:14:51.162131,31.9,57.0,0,0,0,1,0,1,warm
2026-06-21T01:14:51.163109,31.7,57.0,0,0,0,1,0,1,warm
2026-06-21T01:14:55.173909,31.1,57.0,0,0,0,1,0,1,warm
2026-06-21T01:14:55.175423,31.8,57.0,0,0,0,1,0,1,warm
2026-06-21T01:14:57.180005,31.8,57.0,0,0,0,1,0,1,warm
2026-06-21T01:14:59.184091,31.3,57.0,0,0,0,1,0,1,warm
2026-06-21T01:15:01.190506,31.6,57.0,0,0,0,1,0,1,warm
2026-06-21T01:15:03.196817,31.5,57.0,0,0,0,1,0,1,warm
2026-06-21T01:15:05.203207,31.8,57.0,1,0,0,1,0,1,warm
2026-06-21T01:15:07.207102,31.8,57.0,0,0,0,1,0,1,warm
2026-06-21T01:15:09.211910,31.0,57.0,1,0,0,1,0,1,warm
2026-06-21T01:15:11.216878,31.0,57.0,1,0,0,1,0,1,warm
2026-06-21T01:15:13.224595,31.8,57.0,1,0,0,1,2,1,warm
2026-06-21T01:15:15.229595,31.6,57.0,1,0,0,1,3,1,warm
2026-06-21T01:15:17.236102,31.2,57.0,1,0,1,1,5,2,night_sustained_motion
2026-06-21T01:15:19.240302,31.8,57.0,1,0,1,1,8,2,night_sustained_motion
2026-06-21T01:15:21.246963,31.8,57.0,0,0,1,1,0,1,warm
2026-06-21T01:15:23.254091,31.3,57.0,1,0,0,1,0,1,warm
2026-06-21T01:15:27.264807,31.8,57.0,0,0,0,1,0,1,warm
2026-06-21T01:15:27.265808,31.5,57.0,0,0,0,1,0,1,warm
2026-06-21T01:15:29.270367,31.8,57.0,0,0,0,1,0,1,warm
2026-06-21T01:15:31.276698,31.1,57.0,0,0,0,1,0,1,warm
2026-06-21T01:15:35.287765,31.0,57.0,0,0,0,1,0,1,warm
2026-06-21T01:15:35.289734,31.3,57.0,0,0,0,1,0,1,warm
2026-06-21T01:15:37.294869,31.2,57.0,0,0,0,1,0,1,warm
2026-06-21T01:15:39.298779,31.1,57.0,0,0,0,1,0,1,warm
2026-06-21T01:15:41.305668,31.4,57.0,0,0,0,1,0,1,warm
2026-06-21T01:15:43.312055,31.1,57.0,0,0,0,1,0,1,warm
2026-06-21T01:15:45.317490,31.8,57.0,0,0,0,1,0,1,warm
2026-06-21T01:15:47.322477,31.7,57.0,0,0,0,1,0,1,warm
2026-06-21T01:15:49.328565,31.3,57.0,0,0,0,1,0,1,warm
2026-06-21T01:15:53.340949,31.2,57.0,0,0,0,1,0,1,warm
2026-06-21T01:15:53.342917,31.2,57.0,0,0,0,1,0,1,warm
2026-06-21T01:15:55.345944,31.5,57.0,0,0,0,1,0,1,warm
2026-06-21T01:15:57.351686,31.0,57.0,1,0,0,1,0,1,warm
2026-06-21T01:16:01.365338,31.9,57.0,0,0,0,1,0,1,warm
2026-06-21T01:16:01.365338,31.2,57.0,0,0,0,1,0,1,warm
2026-06-21T01:16:03.369567,31.2,57.0,0,0,0,1,0,1,warm
2026-06-21T01:16:05.375469,31.9,57.0,0,0,0,1,0,1,warm
2026-06-21T01:16:07.381823,31.6,57.0,0,0,0,1,0,1,warm
2026-06-21T01:16:11.394200,31.5,57.0,0,0,0,1,0,1,warm
2026-06-21T01:16:11.395211,31.9,57.0,0,0,0,1,0,1,warm
2026-06-21T01:16:13.400083,31.7,57.0,0,0,0,1,0,1,warm
2026-06-21T01:16:15.405251,31.3,57.0,0,0,0,1,0,1,warm
2026-06-21T01:16:17.411543,31.1,57.0,0,0,0,1,0,1,warm
2026-06-21T01:16:19.418088,31.5,57.0,0,0,0,1,0,1,warm
2026-06-21T01:16:21.424185,31.0,57.0,0,0,0,1,0,1,warm
2026-06-21T01:16:23.429391,31.1,57.0,0,0,0,1,0,1,warm
2026-06-21T01:16:25.435093,31.3,57.0,1,0,0,1,0,1,warm
2026-06-21T01:16:27.442327,31.1,57.0,0,0,0,1,0,1,warm
2026-06-21T01:16:29.449666,31.6,57.0,0,0,0,1,0,1,warm
2026-06-21T01:16:31.454253,31.6,57.0,0,0,0,1,0,1,warm
2026-06-21T01:16:35.466604,31.1,57.0,0,0,0,1,0,1,warm
2026-06-21T01:16:35.466604,31.5,57.0,0,0,0,1,0,1,warm
2026-06-21T01:16:37.472081,31.5,57.0,0,0,0,1,0,1,warm
2026-06-21T01:16:39.477520,31.3,57.0,0,0,0,1,0,1,warm
2026-06-21T01:16:41.484197,31.3,57.0,0,0,0,1,0,1,warm
2026-06-21T01:16:45.496772,31.2,57.0,0,0,0,1,0,1,warm
2026-06-21T01:16:45.497865,31.6,57.0,0,0,0,1,0,1,warm
2026-06-21T01:16:47.502076,31.5,57.0,0,0,0,1,0,1,warm
2026-06-21T01:16:49.508665,31.3,57.0,0,0,0,1,0,1,warm
2026-06-21T01:16:51.513991,31.2,57.0,0,0,0,1,0,1,warm
2026-06-21T01:16:53.519428,31.9,57.0,0,0,0,1,0,1,warm
2026-06-21T01:16:55.527678,31.4,57.0,0,0,0,1,0,1,warm
2026-06-21T01:16:57.531211,31.1,57.0,0,0,0,1,0,1,warm
2026-06-21T01:16:59.538247,31.4,57.0,0,0,0,1,0,1,warm
2026-06-21T01:17:01.543383,31.0,57.0,0,0,0,1,0,1,warm
2026-06-21T01:17:05.556370,31.1,57.0,0,0,0,1,0,1,warm
2026-06-21T01:17:05.557366,31.5,57.0,0,0,0,1,0,1,warm
2026-06-21T01:17:07.562099,31.8,57.0,0,0,0,1,0,1,warm
2026-06-21T01:17:09.569268,31.7,57.0,0,0,0,1,0,1,warm
2026-06-21T01:17:11.573098,31.6,57.0,0,0,0,1,0,1,warm
2026-06-21T01:17:13.578646,31.4,57.0,0,0,0,1,0,1,warm
2026-06-21T01:17:15.585142,31.1,57.0,0,0,0,1,0,1,warm
2026-06-21T01:17:19.597152,31.5,57.0,1,0,0,1,0,1,warm
2026-06-21T01:17:19.598153,31.6,57.0,1,0,0,1,0,1,warm
2026-06-21T01:17:21.604329,31.1,57.0,1,0,0,1,3,1,warm
2026-06-21T01:17:23.609823,31.0,57.0,1,0,0,1,0,1,warm
2026-06-21T01:17:25.614962,31.2,57.0,1,0,0,1,0,1,warm
2026-06-21T01:17:27.620575,31.2,57.0,1,0,0,1,3,1,warm
2026-06-21T01:17:31.633147,31.1,57.0,1,0,1,1,5,2,night_sustained_motion
2026-06-21T01:17:31.634386,31.0,57.0,0,0,0,1,0,1,warm
2026-06-21T01:17:35.645313,31.6,57.0,0,0,0,1,0,1,warm
2026-06-21T01:17:35.646312,31.1,57.0,0,0,0,1,0,1,warm
2026-06-21T01:17:37.650324,31.1,57.0,0,0,0,1,0,1,warm
2026-06-21T01:17:39.657302,31.7,57.0,0,0,0,1,0,1,warm
2026-06-21T01:17:41.662929,31.5,57.0,0,0,0,1,0,1,warm
2026-06-21T01:17:45.675394,31.2,57.0,0,0,0,1,0,1,warm
2026-06-21T01:17:45.675394,31.4,57.0,0,0,0,1,0,1,warm
2026-06-21T01:17:47.681384,31.1,57.0,0,0,0,1,0,1,warm
2026-06-21T01:17:49.686828,31.7,57.0,0,0,0,1,0,1,warm
2026-06-21T01:17:51.692982,31.4,57.0,0,0,0,1,0,1,warm
2026-06-21T01:17:55.705906,31.7,57.0,0,0,0,1,0,1,warm
2026-06-21T01:17:55.707139,31.9,57.0,0,0,0,1,0,1,warm
2026-06-21T01:17:59.716555,31.8,57.0,0,0,0,1,0,1,warm
2026-06-21T01:17:59.717567,31.5,57.0,0,0,0,1,0,1,warm
2026-06-21T01:18:01.723145,31.1,57.0,0,0,0,1,0,1,warm
2026-06-21T01:18:03.729554,31.1,57.0,0,0,0,1,0,1,warm
2026-06-21T01:18:05.734093,31.0,57.0,0,0,0,1,0,1,warm
2026-06-21T01:18:07.739530,31.7,57.0,0,0,0,1,0,1,warm
2026-06-21T01:18:09.746721,31.9,57.0,0,0,0,1,0,1,warm
2026-06-21T01:18:11.752067,31.8,57.0,0,0,0,1,0,1,warm
2026-06-21T01:18:15.764766,31.4,57.0,0,0,0,1,0,1,warm
2026-06-21T01:18:15.765761,31.5,57.0,0,0,0,1,0,1,warm
2026-06-21T01:18:17.771695,31.0,57.0,0,0,0,1,0,1,warm
2026-06-21T01:18:19.777269,31.6,57.0,0,0,0,1,0,1,warm
2026-06-21T01:18:21.783513,31.2,57.0,0,0,0,1,0,1,warm
2026-06-21T01:18:23.787574,31.2,57.0,0,0,0,1,0,1,warm
2026-06-21T01:18:25.793607,31.4,57.0,0,0,0,1,0,1,warm
2026-06-21T01:18:27.800820,31.3,57.0,0,0,0,1,0,1,warm
2026-06-21T01:18:31.811738,31.6,57.0,0,0,0,1,0,1,warm
2026-06-21T01:18:31.815194,31.0,57.0,0,0,0,1,0,1,warm
2026-06-21T01:18:33.819274,31.2,57.0,0,0,0,1,0,1,warm
2026-06-21T01:18:35.824634,31.2,57.0,0,0,0,1,0,1,warm
2026-06-21T01:18:37.830391,31.2,57.0,0,0,0,1,0,1,warm
2026-06-21T01:18:39.836670,31.2,57.0,0,0,0,1,0,1,warm
2026-06-21T01:18:41.842716,31.2,57.0,0,0,0,1,0,1,warm
2026-06-21T01:18:43.849457,31.3,57.0,0,0,0,1,0,1,warm
2026-06-21T01:18:45.855897,31.5,57.0,0,0,0,1,0,1,warm
2026-06-21T01:18:47.860342,31.1,57.0,0,0,0,1,0,1,warm
2026-06-21T01:18:49.866471,31.1,57.0,0,0,0,1,0,1,warm
2026-06-21T01:18:51.872620,31.1,57.0,0,0,0,1,0,1,warm
2026-06-21T01:18:55.884754,31.8,57.0,0,0,0,1,0,1,warm
2026-06-21T01:18:55.885779,31.3,57.0,0,0,0,1,0,1,warm
2026-06-21T01:18:57.891089,31.6,57.0,0,0,0,1,0,1,warm
2026-06-21T01:18:59.895698,31.3,57.0,0,0,0,1,0,1,warm
2026-06-21T01:19:01.901795,31.7,57.0,0,0,0,1,0,1,warm
2026-06-21T01:19:03.907331,31.9,57.0,0,0,0,1,0,1,warm
2026-06-21T01:19:07.919627,31.9,57.0,0,0,0,1,0,1,warm
2026-06-21T01:19:07.920645,31.9,57.0,0,0,0,1,0,1,warm
2026-06-21T01:19:09.927656,31.0,57.0,0,0,0,1,0,1,warm
2026-06-21T01:19:11.933360,31.5,57.0,0,0,0,1,0,1,warm
2026-06-21T01:19:13.938077,31.1,57.0,0,0,0,1,0,1,warm
2026-06-21T01:19:17.949516,31.1,57.0,0,0,0,1,0,1,warm
2026-06-21T01:19:17.950875,31.7,57.0,0,0,0,1,0,1,warm
2026-06-21T01:19:19.955413,31.9,57.0,0,0,0,1,0,1,warm
2026-06-21T01:19:21.962735,31.9,57.0,0,0,0,1,0,1,warm
2026-06-21T01:19:23.969425,31.9,57.0,0,0,0,1,0,1,warm
2026-06-21T01:19:25.975100,31.9,57.0,0,0,0,1,0,1,warm
2026-06-21T01:19:27.979317,31.9,57.0,0,0,0,1,0,1,warm
2026-06-21T01:19:29.987121,31.9,57.0,0,0,0,1,0,1,warm
2026-06-21T01:19:33.997629,31.7,57.0,0,0,0,1,0,1,warm
2026-06-21T01:19:33.998722,31.8,57.0,0,0,0,1,0,1,warm
2026-06-21T01:19:36.002949,31.9,57.0,0,0,0,1,0,1,warm
2026-06-21T01:19:38.009102,31.0,57.0,0,0,0,1,0,1,warm
2026-06-21T01:19:40.014423,31.2,57.0,0,0,0,1,0,1,warm
2026-06-21T01:19:42.021304,31.8,57.0,0,0,0,1,0,1,warm
2026-06-21T01:19:46.032985,31.1,57.0,0,0,0,1,0,1,warm
2026-06-21T01:19:46.034013,31.9,57.0,0,0,0,1,0,1,warm
2026-06-21T01:19:48.039777,31.6,57.0,0,0,0,1,0,1,warm
2026-06-21T01:19:50.044791,31.2,57.0,0,0,0,1,0,1,warm
2026-06-21T01:19:52.051379,31.1,57.0,0,0,0,1,0,1,warm
2026-06-21T01:19:54.057591,31.3,57.0,0,0,0,1,0,1,warm
2026-06-21T01:19:58.069268,31.9,57.0,0,0,0,1,0,1,warm
2026-06-21T01:19:58.070248,31.9,57.0,0,0,0,1,0,1,warm
2026-06-21T01:20:00.076020,31.9,57.0,0,0,0,1,0,1,warm
2026-06-21T01:20:04.085844,31.0,57.0,0,0,0,1,0,1,warm
2026-06-21T01:20:04.087820,31.6,57.0,0,0,0,1,0,1,warm
2026-06-21T01:20:06.093159,31.2,57.0,0,0,0,1,0,1,warm
2026-06-21T01:20:08.098198,31.2,57.0,0,0,0,1,0,1,warm
2026-06-21T01:20:10.103628,31.4,57.0,0,0,0,1,0,1,warm
2026-06-21T01:20:12.110089,31.3,57.0,0,0,0,1,0,1,warm
2026-06-21T01:20:14.116742,31.6,57.0,0,0,0,1,0,1,warm
2026-06-21T01:20:16.123244,31.2,57.0,0,0,0,1,0,1,warm
2026-06-21T01:20:18.130317,31.2,57.0,0,0,0,1,0,1,warm
2026-06-21T01:20:22.140974,31.1,57.0,0,0,0,1,0,1,warm
2026-06-21T01:20:22.142004,31.3,57.0,0,0,0,1,0,1,warm
2026-06-21T01:20:24.146204,31.9,57.0,0,0,0,1,0,1,warm
2026-06-21T01:20:26.152723,31.1,57.0,0,0,0,1,0,1,warm
2026-06-21T01:20:28.158825,31.1,57.0,0,0,0,1,0,1,warm
2026-06-21T01:20:30.164467,31.9,57.0,0,0,0,1,0,1,warm
2026-06-21T01:20:34.176430,31.9,57.0,0,0,0,1,0,1,warm
2026-06-21T01:20:34.177441,31.9,57.0,0,0,0,1,0,1,warm
2026-06-21T01:20:36.182538,31.1,57.0,0,0,0,1,0,1,warm
2026-06-21T01:20:38.188913,31.2,57.0,0,0,0,1,0,1,warm
2026-06-21T01:20:40.194226,31.2,57.0,0,0,0,1,0,1,warm
2026-06-21T01:20:42.200916,31.3,57.0,0,0,0,1,0,1,warm
2026-06-21T01:20:44.207158,31.5,57.0,0,0,0,1,0,1,warm
2026-06-21T01:20:48.219631,31.1,57.0,0,0,0,1,0,1,warm
2026-06-21T01:20:48.220644,31.8,57.0,0,0,0,1,0,1,warm
2026-06-21T01:20:50.224168,31.3,57.0,0,0,0,1,0,1,warm
2026-06-21T01:20:52.229543,31.8,57.0,0,0,0,1,0,1,warm
2026-06-21T01:20:54.235468,31.4,57.0,0,0,0,1,0,1,warm
2026-06-21T01:20:56.241046,31.4,57.0,0,0,0,1,0,1,warm
2026-06-21T01:20:58.247389,31.2,57.0,0,0,0,1,0,1,warm
2026-06-21T01:21:00.253916,31.1,57.0,0,0,0,1,0,1,warm
2026-06-21T01:21:04.264942,31.0,57.0,0,0,0,1,0,1,warm
2026-06-21T01:21:04.264942,31.9,57.0,0,0,0,1,0,1,warm
2026-06-21T01:21:06.271118,31.0,57.0,0,0,0,1,0,1,warm
2026-06-21T01:21:08.276964,31.0,57.0,0,0,0,1,0,1,warm
2026-06-21T01:21:10.281995,31.0,57.0,1,0,0,1,0,1,warm
2026-06-21T01:21:12.284796,31.8,57.0,0,0,0,1,0,1,warm
2026-06-21T01:21:14.292702,31.8,57.0,1,0,0,1,0,1,warm
2026-06-21T01:21:16.297395,31.5,59.0,0,0,0,1,0,1,warm
2026-06-21T01:21:18.305004,31.2,60.0,0,0,0,1,0,1,warm
2026-06-21T01:21:22.314929,31.6,60.0,1,0,0,1,0,1,warm
2026-06-21T01:21:22.317074,31.9,59.0,1,0,0,1,0,1,warm
2026-06-21T01:21:24.320920,31.6,59.0,1,0,0,1,0,1,warm
2026-06-21T01:21:26.327376,31.3,58.0,1,0,0,1,0,1,warm
2026-06-21T01:21:28.333756,31.6,57.0,0,0,0,1,0,1,warm
2026-06-21T01:21:32.345292,31.5,59.0,0,0,0,1,0,1,warm
2026-06-21T01:21:32.346291,31.6,58.0,0,0,0,1,0,1,warm
2026-06-21T01:21:34.352182,31.6,57.0,0,0,0,1,0,1,warm
2026-06-21T01:21:36.358020,31.7,57.0,0,0,0,1,0,1,warm
2026-06-21T01:21:38.363609,31.2,57.0,0,0,0,1,0,1,warm
2026-06-21T01:21:40.369873,31.1,57.0,0,0,0,1,0,1,warm
2026-06-21T01:21:42.375601,31.5,58.0,1,0,0,1,0,1,warm
2026-06-21T01:21:44.381901,31.0,58.0,0,0,0,1,0,1,warm
2026-06-21T01:21:46.386959,31.1,57.0,0,0,0,1,0,1,warm
2026-06-21T01:21:48.393395,31.3,57.0,0,0,0,1,0,1,warm
2026-06-21T01:21:52.405080,31.7,58.0,0,0,0,1,0,1,warm
2026-06-21T01:21:52.406495,31.2,58.0,0,0,0,1,0,1,warm
2026-06-21T01:21:54.411930,31.2,58.0,0,0,0,1,0,1,warm
2026-06-21T01:21:56.417424,31.2,58.0,0,0,0,1,0,1,warm
2026-06-21T01:21:58.424416,31.6,58.0,0,0,0,1,0,1,warm
2026-06-21T01:22:00.430567,31.7,57.0,0,0,0,1,0,1,warm
2026-06-21T01:22:02.435982,31.3,57.0,0,0,0,1,0,1,warm
2026-06-21T01:22:06.447591,31.3,57.0,0,0,0,1,0,1,warm
2026-06-21T01:22:06.448687,31.4,58.0,0,0,0,1,0,1,warm
2026-06-21T01:22:08.454035,31.3,58.0,0,0,0,1,0,1,warm
2026-06-21T01:22:10.460632,31.1,58.0,0,0,0,1,0,1,warm
2026-06-21T01:22:12.466187,31.8,58.0,0,0,0,1,0,1,warm
2026-06-21T01:22:14.472231,31.7,57.0,1,0,0,1,0,1,warm
2026-06-21T01:22:16.478080,31.1,57.0,1,0,0,1,2,1,warm
2026-06-21T01:22:18.485748,31.7,57.0,1,0,0,1,3,1,warm
2026-06-21T01:22:20.489561,31.5,57.0,0,0,0,1,0,1,warm
2026-06-21T01:22:24.503484,31.8,58.0,0,0,0,1,0,1,warm
2026-06-21T01:22:24.504723,30.5,58.0,0,0,0,1,0,1,warm
2026-06-21T01:22:26.508614,30.7,58.0,0,0,0,1,0,1,warm
2026-06-21T01:22:28.514745,30.2,58.0,1,0,0,1,0,1,warm
2026-06-21T01:22:30.520573,30.4,58.0,0,0,0,1,0,1,warm
2026-06-21T01:22:32.526666,30.2,58.0,1,0,0,1,0,1,warm
2026-06-21T01:22:34.532237,30.6,58.0,1,0,0,1,0,1,warm
2026-06-21T01:22:36.538510,30.5,58.0,1,0,0,1,0,1,warm
2026-06-21T01:22:38.544783,30.9,58.0,1,0,0,1,0,1,warm
2026-06-21T01:22:40.550636,30.5,58.0,0,0,0,1,0,1,warm
2026-06-21T01:22:42.556847,30.3,58.0,1,0,0,1,0,1,warm
2026-06-21T01:22:44.563246,30.7,58.0,1,0,0,1,2,1,warm
2026-06-21T01:22:46.568792,30.9,62.0,1,0,1,1,5,2,night_sustained_motion
2026-06-21T01:22:48.575360,30.1,61.0,1,0,1,1,7,2,night_sustained_motion
2026-06-21T01:22:50.579996,30.0,60.0,1,0,1,1,7,2,night_sustained_motion
2026-06-21T01:22:54.591799,30.5,60.0,1,0,0,1,0,1,warm
2026-06-21T01:22:54.592806,30.4,62.0,1,0,0,1,2,1,warm
2026-06-21T01:22:56.597136,30.7,61.0,1,0,0,1,4,1,warm
2026-06-21T01:22:58.603053,30.9,61.0,1,0,1,1,5,2,night_sustained_motion
2026-06-21T01:23:00.608608,30.6,61.0,0,0,0,1,0,1,warm
2026-06-21T01:23:02.615064,30.4,60.0,0,0,0,1,0,1,warm
2026-06-21T01:23:04.621920,30.5,60.0,0,0,0,1,0,1,warm
2026-06-21T01:23:06.628177,30.2,60.0,0,0,0,1,0,1,warm
2026-06-21T01:23:08.633922,30.8,59.0,0,0,0,1,0,1,warm
2026-06-21T01:23:12.645273,30.4,59.0,1,0,0,1,0,1,warm
2026-06-21T01:23:12.646286,30.0,59.0,0,0,0,1,0,1,warm
2026-06-21T01:23:14.650848,30.5,59.0,1,0,0,1,0,1,warm
2026-06-21T01:23:16.657719,30.1,59.0,0,0,0,1,0,1,warm
2026-06-21T01:23:18.664210,30.7,59.0,0,0,0,1,0,1,warm
2026-06-21T01:23:20.670141,30.4,59.0,0,0,0,1,0,1,warm
2026-06-21T01:23:22.675121,30.4,59.0,0,0,0,1,0,1,warm
2026-06-21T01:23:24.682863,30.5,59.0,0,0,0,1,0,1,warm
2026-06-21T01:23:26.688340,30.0,59.0,0,0,0,1,0,1,warm
2026-06-21T01:23:28.693563,30.8,59.0,0,0,0,1,0,1,warm
2026-06-21T01:23:30.699513,30.2,59.0,0,0,0,1,0,1,warm
2026-06-21T01:23:32.706680,30.0,59.0,0,0,0,1,0,1,warm
2026-06-21T01:23:34.712533,30.3,59.0,0,0,0,1,0,1,warm
2026-06-21T01:23:36.718576,30.9,59.0,0,0,0,1,0,1,warm
2026-06-21T01:23:38.725620,30.1,59.0,0,0,0,1,0,1,warm
2026-06-21T01:23:40.730735,30.0,59.0,0,0,0,1,0,1,warm
2026-06-21T01:23:42.736785,30.6,59.0,1,0,0,1,0,1,warm
2026-06-21T01:23:44.741382,30.0,59.0,1,0,0,1,2,1,warm
2026-06-21T01:23:46.747728,29.4,60.0,0,0,0,1,0,1,warm
2026-06-21T01:23:50.759865,29.5,60.0,1,0,0,1,0,0,normal
2026-06-21T01:23:50.760867,29.9,60.0,0,0,0,1,0,0,normal
2026-06-21T01:23:56.777649,29.3,60.0,1,0,0,1,0,0,normal
2026-06-21T01:23:56.779649,29.2,60.0,1,0,0,1,2,1,night_brief_motion
2026-06-21T01:23:56.780651,29.0,60.0,1,0,0,1,2,1,night_brief_motion
2026-06-21T01:23:58.784991,29.3,60.0,0,0,0,1,0,0,normal
2026-06-21T01:24:00.790301,29.5,61.0,0,0,0,1,0,0,normal
2026-06-21T01:24:02.789279,29.5,61.0,0,0,0,1,0,0,normal
2026-06-21T01:24:06.807465,29.6,61.0,0,0,0,1,0,0,normal
2026-06-21T01:24:06.809472,29.1,61.0,0,0,0,1,0,0,normal
2026-06-21T01:24:10.819631,29.4,61.0,0,0,0,1,0,0,normal
2026-06-21T01:24:10.821652,29.9,61.0,0,0,0,1,0,0,normal
2026-06-21T01:24:14.833048,29.3,61.0,0,0,0,1,0,0,normal
2026-06-21T01:24:14.834033,29.8,61.0,0,0,0,1,0,0,normal
2026-06-21T01:24:18.844889,29.5,61.0,0,0,0,1,0,0,normal
2026-06-21T01:24:18.845900,29.5,61.0,0,0,0,1,0,0,normal
2026-06-21T01:24:22.856583,29.5,61.0,0,0,0,1,0,0,normal
2026-06-21T01:24:22.856583,29.4,61.0,0,0,0,1,0,0,normal
2026-06-21T01:24:26.868412,29.8,61.0,0,0,0,1,0,0,normal
2026-06-21T01:24:26.868412,29.9,61.0,0,0,0,1,0,0,normal
2026-06-21T01:24:28.874568,29.2,61.0,0,0,0,1,0,0,normal
2026-06-21T01:24:30.881364,29.0,61.0,0,0,0,1,0,0,normal
2026-06-21T01:24:32.886671,29.1,61.0,0,0,0,1,0,0,normal
2026-06-21T01:24:34.892979,29.3,61.0,0,0,0,1,0,0,normal
2026-06-21T01:24:36.898982,29.7,61.0,1,0,0,1,0,0,normal
2026-06-21T01:24:38.904453,29.8,61.0,0,0,0,1,0,0,normal
2026-06-21T01:24:40.915673,29.9,61.0,0,0,0,1,0,0,normal
2026-06-21T01:24:44.923322,29.2,61.0,0,0,0,1,0,0,normal
2026-06-21T01:24:44.924344,29.9,61.0,0,0,0,1,0,0,normal
2026-06-21T01:24:46.928890,29.1,62.0,0,0,0,1,0,0,normal
2026-06-21T01:24:48.935381,29.9,62.0,0,0,0,1,0,0,normal
2026-06-21T01:24:52.946862,29.9,62.0,0,0,0,1,0,0,normal
2026-06-21T01:24:52.948862,29.5,61.0,0,0,0,1,0,0,normal
2026-06-21T01:24:54.953182,29.7,62.0,0,0,0,1,0,0,normal
2026-06-21T01:24:56.958947,29.3,62.0,0,0,0,1,0,0,normal
2026-06-21T01:24:58.965334,29.9,62.0,0,0,0,1,0,0,normal
2026-06-21T01:25:00.971565,29.2,62.0,0,0,0,1,0,0,normal
2026-06-21T01:25:02.977298,29.8,62.0,0,0,0,1,0,0,normal
2026-06-21T01:25:04.983483,29.0,62.0,1,0,0,1,0,0,normal
2026-06-21T01:25:08.994780,29.2,62.0,0,0,0,1,0,0,normal
2026-06-21T01:25:09.027779,29.8,62.0,0,0,0,1,0,0,normal
2026-06-21T01:25:13.007502,29.0,62.0,0,0,0,1,0,0,normal
2026-06-21T01:25:13.008706,29.6,62.0,1,0,0,1,0,0,normal
2026-06-21T01:25:15.015296,29.8,62.0,0,0,0,1,0,0,normal
2026-06-21T01:25:17.018979,29.9,62.0,0,0,0,1,0,0,normal
2026-06-21T01:25:19.025735,29.5,62.0,0,0,0,1,0,0,normal
2026-06-21T01:25:21.031695,29.5,62.0,1,0,0,1,0,0,normal
2026-06-21T01:25:23.036675,29.9,62.0,1,0,0,1,2,1,night_brief_motion
2026-06-21T01:25:25.043347,29.1,62.0,1,0,0,1,2,1,night_brief_motion
2026-06-21T01:25:29.052690,29.1,62.0,0,0,0,1,0,0,normal
2026-06-21T01:25:29.052690,29.1,62.0,0,0,0,1,0,0,normal
2026-06-21T01:25:31.058193,29.0,62.0,0,0,0,1,0,0,normal
2026-06-21T01:25:33.066877,29.0,62.0,0,0,0,1,0,0,normal
2026-06-21T01:25:35.070623,29.8,62.0,0,0,0,1,0,0,normal
2026-06-21T01:25:37.079580,29.8,62.0,0,0,0,1,0,0,normal
2026-06-21T01:25:41.141546,29.7,62.0,0,0,0,1,0,0,normal
2026-06-21T01:25:41.142545,29.8,62.0,0,0,0,1,0,0,normal
2026-06-21T01:25:43.097348,29.6,62.0,0,0,0,1,0,0,normal
2026-06-21T01:25:47.105918,29.4,62.0,0,0,0,1,0,0,normal
2026-06-21T01:25:47.112090,29.5,62.0,0,0,0,1,0,0,normal
2026-06-21T01:25:51.122508,29.4,62.0,0,0,0,1,0,0,normal
2026-06-21T01:25:51.123172,29.9,62.0,0,0,0,1,0,0,normal
2026-06-21T01:25:53.128323,29.0,62.0,0,0,0,1,0,0,normal
2026-06-21T01:25:55.134441,29.1,63.0,0,0,0,1,0,0,normal
2026-06-21T01:25:57.139327,29.2,62.0,0,0,0,1,0,0,normal
2026-06-21T01:26:01.151760,29.2,63.0,0,0,0,1,0,0,normal
2026-06-21T01:26:01.153760,29.3,63.0,0,0,0,1,0,0,normal
2026-06-21T01:26:03.157668,29.9,63.0,0,0,0,1,0,0,normal
2026-06-21T01:26:05.161631,29.9,63.0,0,0,0,1,0,0,normal
2026-06-21T01:26:07.169775,29.9,63.0,0,0,0,1,0,0,normal
2026-06-21T01:26:09.175794,29.9,63.0,0,0,0,1,0,0,normal
2026-06-21T01:26:11.181653,29.9,63.0,0,0,0,1,0,0,normal
2026-06-21T01:26:15.194166,29.9,63.0,0,0,0,1,0,0,normal
2026-06-21T01:26:15.195185,29.9,63.0,0,0,0,1,0,0,normal
2026-06-21T01:26:19.206955,29.9,63.0,0,0,0,1,0,0,normal
2026-06-21T01:26:19.207918,29.9,63.0,0,0,0,1,0,0,normal
2026-06-21T01:26:21.211315,29.8,63.0,0,0,0,1,0,0,normal
2026-06-21T01:26:23.218429,29.5,63.0,0,0,0,1,0,0,normal
2026-06-21T01:26:25.225441,29.6,63.0,0,0,0,1,0,0,normal
2026-06-21T01:26:29.237119,29.7,63.0,0,0,0,1,0,0,normal
2026-06-21T01:26:29.239129,29.3,63.0,0,0,0,1,0,0,normal
2026-06-21T01:26:31.242937,29.2,63.0,0,0,0,1,0,0,normal
2026-06-21T01:26:33.247955,29.0,63.0,0,0,0,1,0,0,normal
2026-06-21T01:26:37.260625,29.9,63.0,0,0,0,1,0,0,normal
2026-06-21T01:26:37.261624,29.1,63.0,0,0,0,1,0,0,normal
2026-06-21T01:26:39.266029,29.2,63.0,0,0,0,1,0,0,normal
2026-06-21T01:26:41.272142,29.1,63.0,0,0,0,1,0,0,normal
2026-06-21T01:26:43.278444,29.2,63.0,0,0,0,1,0,0,normal
2026-06-21T01:26:45.284256,29.6,63.0,0,0,0,1,0,0,normal
2026-06-21T01:26:47.290702,29.8,63.0,0,0,0,1,0,0,normal
2026-06-21T01:26:49.296835,29.5,63.0,0,0,0,1,0,0,normal
2026-06-21T01:26:51.301889,29.6,63.0,0,0,0,1,0,0,normal
2026-06-21T01:26:53.309522,29.8,63.0,0,0,0,1,0,0,normal
2026-06-21T01:26:55.313840,29.5,63.0,0,0,0,1,0,0,normal
2026-06-21T01:26:59.328021,29.7,63.0,0,0,0,1,0,0,normal
2026-06-21T01:26:59.328973,29.3,63.0,0,0,0,1,0,0,normal
2026-06-21T01:27:01.332311,29.3,63.0,0,0,0,1,0,0,normal
2026-06-21T01:27:03.338609,29.2,63.0,0,0,0,1,0,0,normal
2026-06-21T01:27:05.344467,29.1,63.0,0,0,0,1,0,0,normal
2026-06-21T01:27:09.357145,29.0,63.0,0,0,0,1,0,0,normal
2026-06-21T01:27:09.357979,29.8,63.0,0,0,0,1,0,0,normal
2026-06-21T01:27:11.363176,29.6,63.0,1,0,0,1,0,0,normal
2026-06-21T01:27:13.365815,29.6,63.0,1,0,0,1,2,1,night_brief_motion
2026-06-21T01:27:17.381258,29.6,63.0,1,0,0,1,3,1,night_brief_motion
2026-06-21T01:27:17.383259,29.6,63.0,1,0,1,1,5,2,night_sustained_motion
2026-06-21T01:27:19.386550,29.6,63.0,0,0,0,1,0,0,normal
2026-06-21T01:27:21.393176,29.7,63.0,0,0,0,1,0,0,normal
2026-06-21T01:27:25.406739,29.2,63.0,0,0,0,1,0,0,normal
2026-06-21T01:27:25.407737,29.1,63.0,0,0,0,1,0,0,normal
2026-06-21T01:27:27.411170,29.9,63.0,0,0,0,1,0,0,normal
2026-06-21T01:27:29.416653,29.6,63.0,0,0,0,1,0,0,normal
2026-06-21T01:27:31.422504,29.6,63.0,0,0,0,1,0,0,normal
2026-06-21T01:27:33.428972,29.4,63.0,0,0,0,1,0,0,normal
2026-06-21T01:27:35.435483,29.9,63.0,0,0,0,1,0,0,normal
2026-06-21T01:27:37.440892,29.6,63.0,0,0,0,1,0,0,normal
2026-06-21T01:27:41.453024,29.5,63.0,0,0,0,1,0,0,normal
2026-06-21T01:27:41.456019,29.3,63.0,0,0,0,1,0,0,normal
2026-06-21T01:27:43.458438,29.0,63.0,0,0,0,1,0,0,normal
2026-06-21T01:27:45.465696,29.7,63.0,0,0,0,1,0,0,normal
2026-06-21T01:27:47.471473,29.1,63.0,1,0,0,1,0,0,normal
2026-06-21T01:27:49.477190,29.9,63.0,0,0,0,1,0,0,normal
2026-06-21T01:27:51.483781,29.8,63.0,0,0,0,1,0,0,normal
2026-06-21T01:27:53.489245,29.4,63.0,1,0,0,1,0,0,normal
2026-06-21T01:27:57.501283,29.1,63.0,0,0,0,1,0,0,normal
2026-06-21T01:27:57.502252,29.0,63.0,0,0,0,1,0,0,normal
2026-06-21T01:27:59.506952,29.7,63.0,0,0,0,1,0,0,normal
2026-06-21T01:28:01.513312,29.4,63.0,0,0,0,1,0,0,normal
2026-06-21T01:28:03.520094,29.1,63.0,0,0,0,1,0,0,normal
2026-06-21T01:28:05.525166,29.9,63.0,0,0,0,1,0,0,normal
2026-06-21T01:28:09.536838,29.9,63.0,0,0,0,1,0,0,normal
2026-06-21T01:28:09.538380,29.7,63.0,0,0,0,1,0,0,normal
2026-06-21T01:28:11.542019,29.6,63.0,0,0,0,1,0,0,normal
2026-06-21T01:28:13.548622,29.7,63.0,0,0,0,1,0,0,normal
2026-06-21T01:28:15.555890,29.0,63.0,0,0,0,1,0,0,normal
2026-06-21T01:28:19.565004,29.4,63.0,0,0,0,1,0,0,normal
2026-06-21T01:28:19.568394,29.0,64.0,0,0,0,1,0,0,normal
2026-06-21T01:28:21.572749,29.9,64.0,0,0,0,1,0,0,normal
2026-06-21T01:28:23.577503,29.1,64.0,0,0,0,1,0,0,normal
2026-06-21T01:28:27.587599,29.2,64.0,0,0,0,1,0,0,normal
2026-06-21T01:28:27.587599,29.4,63.0,0,0,0,1,0,0,normal
2026-06-21T01:28:31.597636,29.9,63.0,0,0,0,1,0,0,normal
2026-06-21T01:28:31.597636,29.9,64.0,0,0,0,1,0,0,normal
2026-06-21T01:28:33.604944,29.1,64.0,0,0,0,1,0,0,normal
2026-06-21T01:28:37.614502,29.3,64.0,0,0,0,1,0,0,normal
2026-06-21T01:28:37.615498,29.9,64.0,0,0,0,1,0,0,normal
2026-06-21T01:28:39.619025,29.2,64.0,0,0,0,1,0,0,normal
2026-06-21T01:28:41.625749,29.6,64.0,0,0,0,1,0,0,normal
2026-06-21T01:28:45.633574,29.7,64.0,0,0,0,1,0,0,normal
2026-06-21T01:28:45.633574,29.8,64.0,0,0,0,1,0,0,normal
2026-06-21T01:28:47.639765,29.6,64.0,0,0,0,1,0,0,normal
2026-06-21T01:28:51.649612,29.6,64.0,0,0,0,1,0,0,normal
2026-06-21T01:28:51.650670,29.7,64.0,0,0,0,1,0,0,normal
2026-06-21T01:28:53.655050,29.8,64.0,0,0,0,1,0,0,normal
2026-06-21T01:28:55.658792,29.7,64.0,0,0,0,1,0,0,normal
2026-06-21T01:28:57.664800,29.9,64.0,0,0,0,1,0,0,normal
2026-06-21T01:28:59.669201,29.0,64.0,0,0,0,1,0,0,normal
2026-06-21T01:29:01.670568,29.8,64.0,1,0,0,1,0,0,normal
2026-06-21T01:29:03.709671,29.7,64.0,1,0,0,1,0,0,normal
2026-06-21T01:29:07.689754,29.6,64.0,0,0,0,1,0,0,normal
2026-06-21T01:29:07.690753,29.7,64.0,1,0,0,1,0,0,normal
2026-06-21T01:29:09.694564,29.7,64.0,0,0,0,1,0,0,normal
2026-06-21T01:29:11.699886,29.8,64.0,0,0,0,1,0,0,normal
2026-06-21T01:29:13.705437,29.6,64.0,0,0,0,1,0,0,normal
2026-06-21T01:29:15.710585,29.8,64.0,0,0,0,1,0,0,normal
2026-06-21T01:29:21.723152,29.6,64.0,1,0,0,1,0,0,normal
2026-06-21T01:29:21.727098,29.7,64.0,1,0,0,1,2,1,night_brief_motion
2026-06-21T01:29:21.727098,29.7,64.0,1,0,0,1,3,1,night_brief_motion
2026-06-21T01:29:23.732483,29.9,64.0,1,0,0,1,0,0,normal
2026-06-21T01:29:27.743432,29.0,64.0,1,0,0,1,3,1,night_brief_motion
2026-06-21T01:29:27.745435,29.9,64.0,1,0,1,1,5,2,night_sustained_motion
2026-06-21T01:29:29.744604,29.1,64.0,1,0,1,1,5,2,night_sustained_motion
2026-06-21T01:29:31.755709,29.2,64.0,1,0,1,1,8,2,night_sustained_motion
2026-06-21T01:29:33.759207,29.6,64.0,0,0,0,1,0,0,normal
2026-06-21T01:29:35.765388,29.7,64.0,0,0,0,1,0,0,normal
2026-06-21T01:29:37.771747,29.9,64.0,0,0,0,1,0,0,normal
2026-06-21T01:29:39.772576,29.9,64.0,0,0,0,1,0,0,normal
2026-06-21T01:29:41.780640,29.0,64.0,1,0,0,1,0,0,normal
2026-06-21T01:29:43.786476,29.8,64.0,0,0,0,1,0,0,normal
2026-06-21T01:29:45.786246,29.6,64.0,0,0,0,1,0,0,normal
2026-06-21T01:29:47.795540,29.6,64.0,0,0,0,1,0,0,normal
2026-06-21T01:29:49.795492,29.7,64.0,0,0,0,1,0,0,normal
2026-06-21T01:29:51.806878,29.8,64.0,0,0,0,1,0,0,normal
2026-06-21T01:29:53.808289,29.5,64.0,0,0,0,1,0,0,normal
2026-06-21T01:29:55.814712,29.3,64.0,1,0,0,1,0,0,normal
2026-06-21T01:29:57.820130,29.8,64.0,0,0,0,1,0,0,normal
2026-06-21T01:29:59.825306,29.6,64.0,0,0,0,1,0,0,normal
2026-06-21T01:30:01.829851,29.7,64.0,0,0,0,1,0,0,normal
2026-06-21T01:30:03.835551,29.7,64.0,0,0,0,1,0,0,normal
2026-06-21T01:30:05.840986,29.7,64.0,0,0,0,1,0,0,normal
2026-06-21T01:30:07.845157,29.8,64.0,0,0,0,1,0,0,normal
2026-06-21T01:30:09.850673,29.5,64.0,0,0,0,1,0,0,normal
2026-06-21T01:30:13.861199,29.2,64.0,0,0,0,1,0,0,normal
2026-06-21T01:30:13.862198,29.6,64.0,0,0,0,1,0,0,normal
2026-06-21T01:30:15.866581,29.7,64.0,0,0,0,1,0,0,normal
2026-06-21T01:30:17.873509,29.6,64.0,0,0,0,1,0,0,normal
2026-06-21T01:30:19.877111,29.7,64.0,0,0,0,1,0,0,normal
2026-06-21T01:30:21.880811,29.8,64.0,1,0,0,1,0,0,normal
2026-06-21T01:30:23.885708,29.5,64.0,1,0,0,1,0,0,normal
2026-06-21T01:30:25.892028,29.2,64.0,1,0,0,1,0,0,normal
2026-06-21T01:30:27.898257,29.5,64.0,1,0,0,1,2,1,night_brief_motion
2026-06-21T01:30:29.903275,29.3,64.0,0,0,0,1,0,0,normal
2026-06-21T01:30:31.907789,29.7,64.0,0,0,0,1,0,0,normal
2026-06-21T01:30:33.914075,29.6,64.0,0,0,0,1,0,0,normal
2026-06-21T01:30:35.917904,29.6,64.0,0,0,0,1,0,0,normal
2026-06-21T01:30:37.922999,29.7,64.0,0,0,0,1,0,0,normal
2026-06-21T01:30:39.927946,29.8,64.0,0,0,0,1,0,0,normal
2026-06-21T01:30:41.933568,29.5,64.0,0,0,0,1,0,0,normal
2026-06-21T01:30:43.938609,29.3,64.0,0,0,0,1,0,0,normal
2026-06-21T01:30:45.942580,29.8,64.0,1,0,0,1,0,0,normal
2026-06-21T01:30:47.947380,29.5,64.0,0,0,0,1,0,0,normal
2026-06-21T01:30:51.958289,29.4,64.0,0,0,0,1,0,0,normal
2026-06-21T01:30:51.959287,29.9,64.0,0,0,0,1,0,0,normal
2026-06-21T01:30:53.962941,29.0,64.0,0,0,0,1,0,0,normal
2026-06-21T01:30:57.972708,29.9,64.0,0,0,0,1,0,0,normal
2026-06-21T01:30:57.974717,29.9,64.0,0,0,0,1,0,0,normal
2026-06-21T01:30:59.978097,29.0,64.0,0,0,0,1,0,0,normal
2026-06-21T01:31:01.979201,29.7,64.0,0,0,0,1,0,0,normal
2026-06-21T01:31:03.988329,29.6,64.0,0,0,0,1,0,0,normal
2026-06-21T01:31:05.993106,29.7,64.0,0,0,0,1,0,0,normal
2026-06-21T01:31:07.997854,29.8,64.0,1,0,0,1,0,0,normal
2026-06-21T01:31:10.003476,29.6,64.0,1,0,0,1,0,0,normal
2026-06-21T01:31:16.016816,29.7,64.0,1,0,0,1,0,0,normal
2026-06-21T01:31:16.016816,29.7,64.0,1,0,0,1,2,1,night_brief_motion
2026-06-21T01:31:16.016816,29.7,64.0,1,0,0,1,3,1,night_brief_motion
2026-06-21T01:31:18.025078,29.7,64.0,1,0,0,1,0,0,normal
2026-06-21T01:31:20.029342,29.7,64.0,0,0,0,1,0,0,normal
2026-06-21T01:31:22.033025,29.6,64.0,0,0,0,1,0,0,normal
2026-06-21T01:31:24.038490,29.6,64.0,0,0,0,1,0,0,normal
2026-06-21T01:31:26.045148,29.5,64.0,0,0,0,1,0,0,normal
2026-06-21T01:31:30.055767,29.3,64.0,0,0,0,1,0,0,normal
2026-06-21T01:31:30.056808,29.7,64.0,0,0,0,1,0,0,normal
2026-06-21T01:31:32.061023,29.7,64.0,0,0,0,1,0,0,normal
2026-06-21T01:31:34.065663,29.7,64.0,0,0,0,1,0,0,normal
2026-06-21T01:31:38.076213,29.7,64.0,0,0,0,1,0,0,normal
2026-06-21T01:31:38.076213,29.7,64.0,0,0,0,1,0,0,normal
2026-06-21T01:31:40.081895,29.7,64.0,0,0,0,1,0,0,normal
2026-06-21T01:31:42.086232,29.7,64.0,0,0,0,1,0,0,normal
2026-06-21T01:31:44.090881,29.6,64.0,0,0,0,1,0,0,normal
2026-06-21T01:31:48.101746,29.5,64.0,0,0,0,1,0,0,normal
2026-06-21T01:31:48.103270,29.1,64.0,0,0,0,1,0,0,normal
2026-06-21T01:31:50.105872,29.1,64.0,1,0,0,1,0,0,normal
2026-06-21T01:31:52.110444,29.2,64.0,0,0,0,1,0,0,normal
2026-06-21T01:31:54.109144,29.4,64.0,0,0,0,1,0,0,normal
2026-06-21T01:31:56.121954,29.9,64.0,0,0,0,1,0,0,normal
2026-06-21T01:31:58.123933,29.9,64.0,0,0,0,1,0,0,normal
2026-06-21T01:32:00.132279,29.9,64.0,0,0,0,1,0,0,normal
2026-06-21T01:32:02.135586,29.9,64.0,0,0,0,1,0,0,normal
2026-06-21T01:32:04.139105,29.0,64.0,0,0,0,1,0,0,normal
2026-06-21T01:32:06.141187,29.7,64.0,0,0,0,1,0,0,normal
2026-06-21T01:32:08.152477,29.6,64.0,0,0,0,1,0,0,normal
2026-06-21T01:32:10.158169,29.8,64.0,0,0,0,1,0,0,normal
2026-06-21T01:32:12.162426,29.5,64.0,0,0,0,1,0,0,normal
2026-06-21T01:32:14.162998,29.3,64.0,0,0,0,1,0,0,normal
2026-06-21T01:32:16.172633,29.8,64.0,0,0,0,1,0,0,normal
2026-06-21T01:32:18.178080,29.5,64.0,0,0,0,1,0,0,normal
2026-06-21T01:32:20.182378,29.1,64.0,0,0,0,1,0,0,normal
2026-06-21T01:32:22.186195,29.0,64.0,1,0,0,1,0,0,normal
2026-06-21T01:32:24.193056,29.8,64.0,1,0,0,1,2,1,night_brief_motion
2026-06-21T01:32:26.196955,29.6,64.0,1,0,0,1,2,1,night_brief_motion
2026-06-21T01:32:28.203522,29.4,64.0,1,0,0,1,0,0,normal
2026-06-21T01:32:30.206292,29.6,64.0,0,0,0,1,0,0,normal
2026-06-21T01:32:32.214421,29.7,64.0,0,0,0,1,0,0,normal
2026-06-21T01:32:34.216883,29.8,64.0,0,0,0,1,0,0,normal
2026-06-21T01:32:36.223370,29.4,64.0,0,0,0,1,0,0,normal
2026-06-21T01:32:38.227890,29.1,64.0,1,0,0,1,0,0,normal
2026-06-21T01:32:40.234161,29.1,64.0,1,0,0,1,2,1,night_brief_motion
2026-06-21T01:32:42.238508,29.1,64.0,1,0,0,1,3,1,night_brief_motion
2026-06-21T01:32:44.244042,29.1,64.0,1,0,0,1,0,0,normal
2026-06-21T01:32:46.249249,29.1,64.0,0,0,0,1,0,0,normal
2026-06-21T01:32:48.254869,29.8,64.0,0,0,0,1,0,0,normal
2026-06-21T01:32:50.258508,29.4,64.0,0,0,0,1,0,0,normal
2026-06-21T01:32:52.254659,29.7,64.0,1,0,0,1,0,0,normal
2026-06-21T01:32:54.269603,29.4,64.0,0,0,0,1,0,0,normal
2026-06-21T01:32:56.274654,29.9,64.0,0,0,0,1,0,0,normal
2026-06-21T01:33:00.277894,29.8,64.0,0,0,0,1,0,0,normal
2026-06-21T01:33:00.277894,29.5,64.0,0,0,0,1,0,0,normal
2026-06-21T01:33:02.290086,29.2,64.0,0,0,0,1,0,0,normal
2026-06-21T01:33:04.296911,29.6,66.0,0,0,0,1,0,0,normal
2026-06-21T01:33:08.307642,29.8,67.0,1,0,0,1,0,0,normal
2026-06-21T01:33:08.309127,29.0,66.0,1,0,0,1,0,0,normal
2026-06-21T01:33:14.324843,29.5,67.0,1,0,0,1,2,1,night_brief_motion
2026-06-21T01:33:14.324843,29.0,68.0,0,0,0,1,0,0,normal
2026-06-21T01:33:14.324843,29.8,67.0,0,0,0,1,0,0,normal
2026-06-21T01:33:16.329267,29.0,66.0,0,0,0,1,0,0,normal
2026-06-21T01:33:18.335697,29.4,66.0,0,0,0,1,0,0,normal
2026-06-21T01:33:20.341103,29.1,65.0,0,0,0,1,0,0,normal
2026-06-21T01:33:22.346634,29.4,65.0,1,0,0,1,0,0,normal
2026-06-21T01:33:24.351877,29.8,65.0,0,0,0,1,0,0,normal
2026-06-21T01:33:26.346880,29.7,65.0,0,0,0,1,0,0,normal
2026-06-21T01:33:28.362783,29.0,65.0,0,0,0,1,0,0,normal
2026-06-21T01:33:30.365755,29.8,65.0,1,0,0,1,0,0,normal
2026-06-21T01:33:32.364564,29.7,65.0,0,0,0,1,0,0,normal
2026-06-21T01:33:34.377834,29.1,65.0,1,0,0,1,0,0,normal
2026-06-21T01:33:36.384218,29.6,65.0,1,0,0,1,3,1,night_brief_motion
2026-06-21T01:33:38.391496,29.3,65.0,1,0,1,1,5,2,night_sustained_motion
2026-06-21T01:33:40.397276,29.0,65.0,0,0,1,1,0,0,normal
2026-06-21T01:33:44.405793,29.7,65.0,1,0,0,1,0,0,normal
2026-06-21T01:33:44.405793,29.0,65.0,0,0,0,1,0,0,normal
2026-06-21T01:33:46.412443,29.6,65.0,1,0,0,1,0,0,normal
2026-06-21T01:33:48.416706,29.4,65.0,0,0,0,1,0,0,normal
2026-06-21T01:33:52.427220,29.1,65.0,0,0,0,1,0,0,normal
2026-06-21T01:33:52.427220,29.3,64.0,0,0,0,1,0,0,normal
2026-06-21T01:33:54.432977,29.6,65.0,0,0,0,1,0,0,normal
2026-06-21T01:33:56.439436,29.4,65.0,1,0,0,1,0,0,normal
2026-06-21T01:33:58.443893,29.8,64.0,1,0,0,1,0,0,normal
2026-06-21T01:34:00.449669,29.1,64.0,0,0,0,1,0,0,normal
2026-06-21T01:34:02.454590,29.9,65.0,1,0,0,1,0,0,normal
2026-06-21T01:34:08.469080,29.1,64.0,1,0,0,1,3,1,night_brief_motion
2026-06-21T01:34:08.470086,29.7,64.0,0,0,0,1,0,0,normal
2026-06-21T01:34:08.472102,29.2,64.0,1,0,0,1,0,0,normal
2026-06-21T01:34:14.481589,29.1,64.0,1,0,0,1,2,1,night_brief_motion
2026-06-21T01:34:14.481589,29.7,64.0,0,0,0,1,0,0,normal
2026-06-21T01:34:16.487059,29.3,64.0,0,0,0,1,0,0,normal
2026-06-21T01:34:16.487059,29.4,64.0,0,0,0,1,0,0,normal
2026-06-21T01:34:20.500491,29.6,64.0,0,0,0,1,0,0,normal
2026-06-21T01:34:20.502508,29.9,64.0,0,0,0,1,0,0,normal
2026-06-21T01:34:22.506336,29.6,64.0,0,0,0,1,0,0,normal
2026-06-21T01:34:24.510721,29.5,64.0,0,0,0,1,0,0,normal
2026-06-21T01:34:26.515657,29.0,64.0,0,0,0,1,0,0,normal
2026-06-21T01:34:28.519575,29.5,64.0,0,0,0,1,0,0,normal
2026-06-21T01:34:32.531855,29.1,64.0,0,0,0,1,0,0,normal
2026-06-21T01:34:32.532862,29.0,64.0,0,0,0,1,0,0,normal
2026-06-21T01:34:34.535516,29.4,64.0,0,0,0,1,0,0,normal
2026-06-21T01:34:36.541168,29.9,64.0,0,0,0,1,0,0,normal
2026-06-21T01:34:38.546313,29.6,64.0,0,0,0,1,0,0,normal
2026-06-21T01:34:42.557421,29.5,64.0,0,0,0,1,0,0,normal
2026-06-21T01:34:42.557421,29.9,64.0,0,0,0,1,0,0,normal
2026-06-21T01:34:44.560597,29.0,64.0,0,0,0,1,0,0,normal
2026-06-21T01:34:46.566457,29.3,64.0,0,0,0,1,0,0,normal
2026-06-21T01:34:48.570461,29.9,64.0,0,0,0,1,0,0,normal
2026-06-21T01:34:50.577154,29.0,64.0,0,0,0,1,0,0,normal
2026-06-21T01:34:52.582099,29.7,64.0,0,0,0,1,0,0,normal
2026-06-21T01:34:56.584718,29.8,64.0,0,0,0,1,0,0,normal
2026-06-21T01:34:56.593081,29.5,64.0,0,0,0,1,0,0,normal
2026-06-21T01:34:58.596620,29.2,64.0,0,0,0,1,0,0,normal
2026-06-21T01:35:00.595916,29.5,64.0,0,0,0,1,0,0,normal
2026-06-21T01:35:02.608571,29.2,64.0,0,0,0,1,0,0,normal
2026-06-21T01:35:04.613275,29.1,64.0,0,0,0,1,0,0,normal
2026-06-21T01:35:06.611551,29.2,64.0,1,0,0,1,0,0,normal
2026-06-21T01:35:08.623942,29.4,64.0,0,0,0,1,0,0,normal
2026-06-21T01:35:12.633523,29.7,64.0,1,0,0,1,0,0,normal
2026-06-21T01:35:12.633523,29.6,64.0,1,0,0,1,0,0,normal
2026-06-21T01:35:14.637937,29.5,64.0,1,0,0,1,0,0,normal
2026-06-21T01:35:18.645189,29.2,64.0,0,0,0,1,0,0,normal
2026-06-21T01:35:18.645189,29.4,64.0,1,0,0,1,0,0,normal
2026-06-21T01:35:20.653738,29.8,64.0,0,0,0,1,0,0,normal
2026-06-21T01:35:22.658594,29.4,64.0,0,0,0,1,0,0,normal
2026-06-21T01:35:26.665361,29.7,64.0,0,0,0,1,0,0,normal
2026-06-21T01:35:26.665361,29.5,64.0,0,0,0,1,0,0,normal
2026-06-21T01:35:28.673900,29.2,64.0,0,0,0,1,0,0,normal
2026-06-21T01:35:30.678485,29.4,64.0,0,0,0,1,0,0,normal
2026-06-21T01:35:32.685118,29.9,64.0,0,0,0,1,0,0,normal
2026-06-21T01:35:34.688737,29.9,64.0,0,0,0,1,0,0,normal
2026-06-21T01:35:36.693255,29.7,64.0,0,0,0,1,0,0,normal
2026-06-21T01:35:38.700227,29.6,64.0,0,0,0,1,0,0,normal
2026-06-21T01:35:40.703795,29.6,64.0,0,0,0,1,0,0,normal
2026-06-21T01:35:42.709131,29.5,64.0,0,0,0,1,0,0,normal
2026-06-21T01:35:44.713873,29.2,64.0,0,0,0,1,0,0,normal
2026-06-21T01:35:46.720589,29.4,64.0,0,0,0,1,0,0,normal
2026-06-21T01:35:48.723365,29.7,64.0,0,0,0,1,0,0,normal
2026-06-21T01:35:50.729842,29.6,64.0,0,0,0,1,0,0,normal
2026-06-21T01:35:52.733685,29.5,64.0,0,0,0,1,0,0,normal
2026-06-21T01:35:54.730295,29.1,64.0,0,0,0,1,0,0,normal
2026-06-21T01:35:56.743556,29.9,64.0,0,0,0,1,0,0,normal
2026-06-21T01:35:58.749286,29.8,64.0,0,0,0,1,0,0,normal
2026-06-21T01:36:00.750234,29.5,64.0,0,0,0,1,0,0,normal
2026-06-21T01:36:02.758861,29.1,64.0,0,0,0,1,0,0,normal
2026-06-21T01:36:06.764799,29.1,64.0,0,0,0,1,0,0,normal
2026-06-21T01:36:06.764799,29.1,64.0,0,0,0,1,0,0,normal
2026-06-21T01:36:08.775159,29.9,64.0,0,0,0,1,0,0,normal
2026-06-21T01:36:10.779272,29.6,64.0,1,0,0,1,0,0,normal
2026-06-21T01:36:14.787510,29.5,64.0,0,0,0,1,0,0,normal
2026-06-21T01:36:14.787510,29.2,64.0,1,0,0,1,0,0,normal
2026-06-21T01:36:16.793870,29.4,64.0,0,0,0,1,0,0,normal
2026-06-21T01:36:18.800449,29.7,64.0,0,0,0,1,0,0,normal
2026-06-21T01:36:20.805169,29.6,64.0,0,0,0,1,0,0,normal
2026-06-21T01:36:22.809543,29.6,64.0,0,0,0,1,0,0,normal
2026-06-21T01:36:24.814309,29.6,64.0,0,0,0,1,0,0,normal
2026-06-21T01:36:28.824796,29.5,64.0,1,0,0,1,0,0,normal
2026-06-21T01:36:28.826764,29.1,64.0,1,0,0,1,3,1,night_brief_motion
2026-06-21T01:36:32.835486,29.1,64.0,0,0,0,1,0,0,normal
2026-06-21T01:36:32.836516,29.0,64.0,0,0,0,1,0,0,normal
2026-06-21T01:36:34.841032,29.6,64.0,0,0,0,1,0,0,normal
2026-06-21T01:36:36.846197,29.6,64.0,0,0,0,1,0,0,normal
2026-06-21T01:36:38.850358,29.4,64.0,1,0,0,1,0,0,normal
2026-06-21T01:36:40.854487,29.8,64.0,1,0,0,1,0,0,normal
2026-06-21T01:36:42.862008,29.5,64.0,1,0,0,1,0,0,normal
2026-06-21T01:36:44.865692,29.1,64.0,1,0,0,1,0,0,normal
2026-06-21T01:36:46.871572,29.2,64.0,0,0,0,1,0,0,normal
2026-06-21T01:36:48.875973,29.4,64.0,0,0,0,1,0,0,normal
2026-06-21T01:36:50.882302,29.8,64.0,0,0,0,1,0,0,normal
2026-06-21T01:36:54.891075,29.4,64.0,0,0,0,1,0,0,normal
2026-06-21T01:36:54.892084,29.7,64.0,0,0,0,1,0,0,normal
2026-06-21T01:36:56.890827,29.7,64.0,0,0,0,1,0,0,normal
2026-06-21T01:36:58.901472,29.7,64.0,0,0,0,1,0,0,normal
2026-06-21T01:37:00.905933,29.5,64.0,0,0,0,1,0,0,normal
2026-06-21T01:37:04.916777,29.1,64.0,0,0,0,1,0,0,normal
2026-06-21T01:37:04.917762,29.0,64.0,1,0,0,1,0,0,normal
2026-06-21T01:37:06.922029,29.6,64.0,1,0,0,1,3,1,night_brief_motion
2026-06-21T01:37:08.925475,29.3,64.0,0,0,0,1,0,0,normal
2026-06-21T01:37:10.931375,29.6,64.0,0,0,0,1,0,0,normal
2026-06-21T01:37:12.932659,29.6,64.0,0,0,0,1,0,0,normal
2026-06-21T01:37:14.941578,29.6,64.0,0,0,0,1,0,0,normal
2026-06-21T01:37:16.946613,29.5,64.0,0,0,0,1,0,0,normal
2026-06-21T01:37:18.946317,29.1,64.0,0,0,0,1,0,0,normal
2026-06-21T01:37:20.952204,29.9,64.0,0,0,0,1,0,0,normal
2026-06-21T01:37:22.957468,29.0,64.0,0,0,0,1,0,0,normal
2026-06-21T01:37:24.966160,29.4,64.0,0,0,0,1,0,0,normal
2026-06-21T01:37:28.976044,29.7,64.0,0,0,0,1,0,0,normal
2026-06-21T01:37:28.977044,29.7,64.0,0,0,0,1,0,0,normal
2026-06-21T01:37:30.978719,29.7,64.0,0,0,0,1,0,0,normal
2026-06-21T01:37:34.989595,29.6,64.0,1,0,0,1,0,0,normal
2026-06-21T01:37:34.989595,29.6,64.0,0,0,0,1,0,0,normal
2026-06-21T01:37:36.996799,29.6,64.0,0,0,0,1,0,0,normal
2026-06-21T01:37:39.001612,29.4,64.0,0,0,0,1,0,0,normal
2026-06-21T01:37:43.011734,29.8,64.0,0,0,0,1,0,0,normal
2026-06-21T01:37:43.013373,29.3,64.0,0,0,0,1,0,0,normal
2026-06-21T01:37:45.016435,29.7,64.0,0,0,0,1,0,0,normal
2026-06-21T01:37:47.021834,29.7,64.0,0,0,0,1,0,0,normal
2026-06-21T01:37:51.031207,29.5,64.0,0,0,0,1,0,0,normal
2026-06-21T01:37:51.032737,29.1,64.0,0,0,0,1,0,0,normal
2026-06-21T01:37:53.038294,29.0,64.0,0,0,0,1,0,0,normal
2026-06-21T01:37:55.042158,29.7,64.0,0,0,0,1,0,0,normal
2026-06-21T01:37:57.038295,29.6,64.0,0,0,0,1,0,0,normal
2026-06-21T01:37:59.051837,29.6,64.0,0,0,0,1,0,0,normal
2026-06-21T01:38:01.056248,29.5,64.0,0,0,0,1,0,0,normal
2026-06-21T01:38:03.055037,29.2,64.0,0,0,0,1,0,0,normal
2026-06-21T01:38:07.073473,29.4,64.0,0,0,0,1,0,0,normal
2026-06-21T01:38:07.074468,29.6,64.0,0,0,0,1,0,0,normal
2026-06-21T01:38:09.078278,29.5,64.0,0,0,0,1,0,0,normal
2026-06-21T01:38:13.088219,29.2,64.0,0,0,0,1,0,0,normal
2026-06-21T01:38:13.088219,29.2,64.0,1,0,0,1,0,0,normal
2026-06-21T01:38:15.086633,29.4,64.0,1,0,0,1,2,1,night_brief_motion
2026-06-21T01:38:17.099534,29.7,64.0,1,0,0,1,0,0,normal
2026-06-21T01:38:21.109149,29.6,64.0,0,0,0,1,0,0,normal
2026-06-21T01:38:21.110155,29.6,64.0,1,0,0,1,0,0,normal
2026-06-21T01:38:23.113840,29.6,65.0,0,0,0,1,0,0,normal
2026-06-21T01:38:25.120607,29.6,65.0,1,0,0,1,0,0,normal
2026-06-21T01:38:27.119082,29.4,65.0,0,0,0,1,0,0,normal
2026-06-21T01:38:29.130388,29.7,65.0,0,0,0,1,0,0,normal
2026-06-21T01:38:31.132914,29.1,65.0,1,0,0,1,0,0,normal
2026-06-21T01:38:33.142162,29.7,65.0,0,0,0,1,0,0,normal
2026-06-21T01:38:35.148025,29.3,65.0,0,0,0,1,0,0,normal
2026-06-21T01:38:37.146978,29.2,65.0,0,0,0,1,0,0,normal
2026-06-21T01:38:41.162223,29.5,64.0,0,0,0,1,0,0,normal
2026-06-21T01:38:41.164201,29.0,64.0,0,0,0,1,0,0,normal
2026-06-21T01:38:43.163976,29.6,64.0,0,0,0,1,0,0,normal
2026-06-21T01:38:47.178957,29.6,64.0,1,0,0,1,0,0,normal
2026-06-21T01:38:47.179956,29.5,64.0,0,0,0,1,0,0,normal
2026-06-21T01:38:49.182768,29.1,64.0,0,0,0,1,0,0,normal
2026-06-21T01:38:51.187479,29.1,64.0,1,0,0,1,0,0,normal
2026-06-21T01:38:53.193350,29.0,64.0,1,0,0,1,3,1,night_brief_motion
2026-06-21T01:38:55.198147,29.6,64.0,0,0,0,1,0,0,normal
2026-06-21T01:38:57.203037,29.5,64.0,1,0,0,1,0,0,normal
2026-06-21T01:39:01.212222,29.1,64.0,0,0,0,1,0,0,normal
2026-06-21T01:39:01.214379,29.1,64.0,1,0,0,1,0,0,normal
2026-06-21T01:39:03.218513,29.0,64.0,1,0,0,1,0,0,normal
2026-06-21T01:39:05.223840,29.5,64.0,1,0,0,1,3,1,night_brief_motion
2026-06-21T01:39:07.221339,29.3,65.0,0,0,0,1,0,0,normal
2026-06-21T01:39:09.233634,29.2,65.0,0,0,0,1,0,0,normal
2026-06-21T01:39:11.236721,29.8,65.0,0,0,0,1,0,0,normal
2026-06-21T01:39:13.242815,29.1,65.0,0,0,0,1,0,0,normal
2026-06-21T01:39:15.248718,29.3,65.0,0,0,0,1,0,0,normal
2026-06-21T01:39:17.254482,29.9,65.0,0,0,0,1,0,0,normal
2026-06-21T01:39:19.259226,29.3,65.0,0,0,0,1,0,0,normal
2026-06-21T01:39:21.264357,29.0,65.0,0,0,0,1,0,0,normal
2026-06-21T01:39:23.270071,29.0,65.0,1,0,0,1,0,0,normal
2026-06-21T01:39:25.275539,29.5,65.0,1,0,0,1,3,1,night_brief_motion
2026-06-21T01:39:27.280739,29.4,65.0,0,0,0,1,0,0,normal
2026-06-21T01:39:29.286693,29.5,65.0,0,0,0,1,0,0,normal
2026-06-21T01:39:31.290144,29.5,65.0,0,0,0,1,0,0,normal
2026-06-21T01:39:33.297003,29.7,65.0,0,0,0,1,0,0,normal
2026-06-21T01:39:35.296057,29.1,65.0,0,0,0,1,0,0,normal
2026-06-21T01:39:37.309133,29.6,65.0,0,0,0,1,0,0,normal
2026-06-21T01:39:41.319521,29.6,65.0,0,0,0,1,0,0,normal
2026-06-21T01:39:41.319521,29.5,65.0,0,0,0,1,0,0,normal
2026-06-21T01:39:43.325758,29.8,65.0,0,0,0,1,0,0,normal
2026-06-21T01:39:47.334783,29.5,65.0,0,0,0,1,0,0,normal
2026-06-21T01:39:47.335997,29.5,65.0,0,0,0,1,0,0,normal
2026-06-21T01:39:49.335925,29.6,65.0,0,0,0,1,0,0,normal
2026-06-21T01:39:51.337331,29.5,65.0,0,0,0,1,0,0,normal
2026-06-21T01:39:53.346888,29.9,65.0,0,0,0,1,0,0,normal
2026-06-21T01:39:55.352903,29.8,65.0,0,0,0,1,0,0,normal
2026-06-21T01:39:57.361289,29.7,65.0,0,0,0,1,0,0,normal
2026-06-21T01:39:59.360539,29.3,65.0,0,0,0,1,0,0,normal
2026-06-21T01:40:01.371894,29.3,65.0,0,0,0,1,0,0,normal
2026-06-21T01:40:03.377143,29.7,65.0,0,0,0,1,0,0,normal
2026-06-21T01:40:07.388884,29.4,65.0,0,0,0,1,0,0,normal
2026-06-21T01:40:07.389889,29.1,65.0,0,0,0,1,0,0,normal
2026-06-21T01:40:09.393021,29.2,65.0,0,0,0,1,0,0,normal
2026-06-21T01:40:11.398963,29.9,65.0,0,0,0,1,0,0,normal
2026-06-21T01:40:13.405601,29.4,65.0,0,0,0,1,0,0,normal
2026-06-21T01:40:15.410739,29.0,64.0,0,0,0,1,0,0,normal
2026-06-21T01:40:19.421017,29.2,64.0,0,0,0,1,0,0,normal
2026-06-21T01:40:19.422050,29.5,64.0,0,0,0,1,0,0,normal
2026-06-21T01:40:23.430639,30.0,64.0,0,0,0,1,0,0,normal
2026-06-21T01:40:23.431690,30.4,64.0,0,0,0,1,0,1,warm
2026-06-21T01:40:25.435896,30.6,64.0,0,0,0,1,0,1,warm
2026-06-21T01:40:27.437181,30.2,64.0,0,0,0,1,0,1,warm
2026-06-21T01:40:29.447234,30.1,64.0,0,0,0,1,0,1,warm
2026-06-21T01:40:33.458647,30.3,64.0,0,0,0,1,0,1,warm
2026-06-21T01:40:33.459664,30.8,63.0,0,0,0,1,0,1,warm
2026-06-21T01:40:35.463307,30.9,63.0,0,0,0,1,0,1,warm
2026-06-21T01:40:37.468592,30.1,63.0,0,0,0,1,0,1,warm
2026-06-21T01:40:39.475302,30.0,63.0,0,0,0,1,0,1,warm
2026-06-21T01:40:43.488000,30.1,63.0,0,0,0,1,0,1,warm
2026-06-21T01:40:43.489032,30.7,63.0,0,0,0,1,0,1,warm
2026-06-21T01:40:47.500044,30.8,63.0,0,0,0,1,0,1,warm
2026-06-21T01:40:47.501046,30.7,63.0,0,0,0,1,0,1,warm
2026-06-21T01:40:49.504836,30.9,63.0,0,0,0,1,0,1,warm
2026-06-21T01:40:51.511487,30.9,63.0,0,0,0,1,0,1,warm
2026-06-21T01:40:53.515361,30.1,63.0,0,0,0,1,0,1,warm
2026-06-21T01:40:55.523664,30.2,63.0,0,0,0,1,0,1,warm
2026-06-21T01:40:57.530138,30.7,63.0,0,0,0,1,0,1,warm
2026-06-21T01:40:59.535787,30.8,63.0,0,0,0,1,0,1,warm
2026-06-21T01:41:01.541186,30.6,63.0,0,0,0,1,0,1,warm
2026-06-21T01:41:03.547083,30.8,63.0,0,0,0,1,0,1,warm
2026-06-21T01:41:05.553689,30.4,62.0,0,0,0,1,0,1,warm
2026-06-21T01:41:07.558869,30.1,62.0,0,0,0,1,0,1,warm
2026-06-21T01:41:09.565481,30.7,62.0,0,0,0,1,0,1,warm
2026-06-21T01:41:13.577466,30.2,62.0,0,0,0,1,0,1,warm
2026-06-21T01:41:13.578468,30.4,62.0,0,0,0,1,0,1,warm
2026-06-21T01:41:17.587524,30.5,62.0,0,0,0,1,0,1,warm
2026-06-21T01:41:17.589525,30.3,62.0,0,0,0,1,0,1,warm
2026-06-21T01:41:19.593874,30.0,62.0,0,0,0,1,0,1,warm
2026-06-21T01:41:21.595556,30.0,62.0,0,0,0,1,0,1,warm
2026-06-21T01:41:23.605701,30.2,62.0,0,0,0,1,0,1,warm
2026-06-21T01:41:25.612377,30.5,62.0,0,0,0,1,0,1,warm
2026-06-21T01:41:29.625213,30.6,62.0,0,0,0,1,0,1,warm
2026-06-21T01:41:29.627218,30.4,62.0,0,0,0,1,0,1,warm
2026-06-21T01:41:31.629982,30.6,62.0,0,0,0,1,0,1,warm
2026-06-21T01:41:33.636581,30.6,62.0,0,0,0,1,0,1,warm
2026-06-21T01:41:35.642162,30.2,62.0,0,0,0,1,0,1,warm
2026-06-21T01:41:37.648857,30.5,62.0,0,0,0,1,0,1,warm
2026-06-21T01:41:39.653885,30.3,62.0,0,0,0,1,0,1,warm
2026-06-21T01:41:43.666203,30.2,62.0,0,0,0,1,0,1,warm
2026-06-21T01:41:43.666203,31.2,61.0,0,0,0,1,0,1,warm
2026-06-21T01:41:45.672745,31.3,61.0,0,0,0,1,0,1,warm
2026-06-21T01:41:47.678281,31.9,61.0,0,0,0,1,0,1,warm
2026-06-21T01:41:51.689686,31.3,61.0,0,0,0,1,0,1,warm
2026-06-21T01:41:51.690671,31.3,61.0,0,0,0,1,0,1,warm
2026-06-21T01:41:53.696056,31.2,61.0,0,0,0,1,0,1,warm
2026-06-21T01:41:57.709472,31.7,61.0,0,0,0,1,0,1,warm
2026-06-21T01:41:57.719483,31.0,61.0,0,0,0,1,0,1,warm
2026-06-21T01:41:59.714121,31.0,61.0,0,0,0,1,0,1,warm
2026-06-21T01:42:01.721178,31.2,61.0,0,0,0,1,0,1,warm
2026-06-21T01:42:03.726127,31.8,60.0,0,0,0,1,0,1,warm
2026-06-21T01:42:05.732955,31.0,60.0,0,0,0,1,0,1,warm
2026-06-21T01:42:07.731851,31.0,60.0,0,0,0,1,0,1,warm
2026-06-21T01:42:09.745207,31.4,60.0,0,0,0,1,0,1,warm
2026-06-21T01:42:11.745211,31.1,60.0,0,0,0,1,0,1,warm
2026-06-21T01:42:13.756576,31.1,60.0,0,0,0,1,0,1,warm
2026-06-21T01:42:17.767376,31.8,60.0,0,0,0,1,0,1,warm
2026-06-21T01:42:17.771069,31.8,60.0,0,0,0,1,0,1,warm
2026-06-21T01:42:21.775263,31.7,60.0,0,0,0,1,0,1,warm
2026-06-21T01:42:21.775263,31.1,60.0,0,0,0,1,0,1,warm
2026-06-21T01:42:25.794051,31.4,60.0,0,0,0,1,0,1,warm
2026-06-21T01:42:25.795053,31.8,60.0,0,0,0,1,0,1,warm
2026-06-21T01:42:27.798444,31.9,60.0,0,0,0,1,0,1,warm
2026-06-21T01:42:29.804694,31.0,60.0,0,0,0,1,0,1,warm
2026-06-21T01:42:31.811844,31.2,60.0,0,0,0,1,0,1,warm
2026-06-21T01:42:33.818133,31.4,60.0,0,0,0,1,0,1,warm
2026-06-21T01:42:35.814001,31.8,60.0,0,0,0,1,0,1,warm
2026-06-21T01:42:37.829910,31.7,60.0,0,0,0,1,0,1,warm
2026-06-21T01:42:39.835656,31.2,60.0,0,0,0,1,0,1,warm
2026-06-21T01:42:41.840841,31.0,60.0,0,0,0,1,0,1,warm
2026-06-21T01:42:43.847797,31.5,59.0,0,0,0,1,0,1,warm
2026-06-21T01:42:45.853166,31.2,59.0,0,0,0,1,0,1,warm
2026-06-21T01:42:47.860426,31.6,59.0,0,0,0,1,0,1,warm
2026-06-21T01:42:49.865171,31.8,59.0,0,0,0,1,0,1,warm
2026-06-21T01:42:53.874501,31.9,59.0,0,0,0,1,0,1,warm
2026-06-21T01:42:53.881249,31.5,59.0,0,0,0,1,0,1,warm
2026-06-21T01:42:57.889659,31.0,59.0,0,0,0,1,0,1,warm
2026-06-21T01:42:57.893156,31.6,59.0,0,0,0,1,0,1,warm
2026-06-21T01:42:59.896611,31.2,59.0,0,0,0,1,0,1,warm
2026-06-21T01:43:01.902627,31.2,59.0,0,0,0,1,0,1,warm
2026-06-21T01:43:03.909646,31.5,59.0,0,0,0,1,0,1,warm
2026-06-21T01:43:05.914869,31.0,59.0,0,0,0,1,0,1,warm
2026-06-21T01:43:07.919056,31.7,59.0,0,0,0,1,0,1,warm
2026-06-21T01:43:09.927250,31.5,59.0,0,0,0,1,0,1,warm
2026-06-21T01:43:11.932183,31.0,59.0,0,0,0,1,0,1,warm
2026-06-21T01:43:13.938249,31.9,59.0,0,0,0,1,0,1,warm
2026-06-21T01:43:15.944644,31.8,59.0,0,0,0,1,0,1,warm
2026-06-21T01:43:17.951980,31.0,59.0,0,0,0,1,0,1,warm
2026-06-21T01:43:19.958044,31.2,59.0,0,0,0,1,0,1,warm
2026-06-21T01:43:21.963197,31.8,59.0,0,0,0,1,0,1,warm
2026-06-21T01:43:23.968430,31.8,59.0,0,0,0,1,0,1,warm
2026-06-21T01:43:25.975092,31.1,59.0,0,0,0,1,0,1,warm
2026-06-21T01:43:29.988135,31.8,59.0,0,0,0,1,0,1,warm
2026-06-21T01:43:29.991114,31.1,59.0,0,0,0,1,0,1,warm
2026-06-21T01:43:31.994486,31.8,59.0,0,0,0,1,0,1,warm
2026-06-21T01:43:33.999312,31.3,59.0,1,0,0,1,0,1,warm
2026-06-21T01:43:36.004991,31.5,59.0,1,0,0,1,0,1,warm
2026-06-21T01:43:38.010933,31.7,59.0,0,0,0,1,0,1,warm
2026-06-21T01:43:40.016632,31.5,58.0,0,0,0,1,0,1,warm
2026-06-21T01:43:42.022773,31.4,58.0,0,0,0,1,0,1,warm
2026-06-21T01:43:44.028954,31.0,58.0,0,0,0,1,0,1,warm
2026-06-21T01:43:46.035006,31.2,58.0,0,0,0,1,0,1,warm
2026-06-21T01:43:50.051862,31.6,58.0,0,0,0,1,0,1,warm
2026-06-21T01:43:50.055865,31.9,58.0,0,0,0,1,0,1,warm
2026-06-21T01:43:52.053379,32.7,58.0,0,0,0,1,0,1,warm
2026-06-21T01:43:56.064513,32.8,58.0,0,0,0,1,0,1,warm
2026-06-21T01:43:56.066561,32.3,58.0,0,0,0,1,0,1,warm
2026-06-21T01:44:00.073479,32.7,58.0,0,0,0,1,0,1,warm
2026-06-21T01:44:00.076487,32.9,58.0,0,0,0,1,0,1,warm
2026-06-21T01:44:02.078118,32.0,58.0,0,0,0,1,0,1,warm
2026-06-21T01:44:04.084820,32.6,58.0,0,0,0,1,0,1,warm
2026-06-21T01:44:06.088039,32.2,58.0,0,0,0,1,0,1,warm
2026-06-21T01:44:08.092750,32.6,58.0,0,0,0,1,0,1,warm
2026-06-21T01:44:10.098786,32.1,58.0,0,0,0,1,0,1,warm
2026-06-21T01:44:12.103669,32.2,58.0,0,0,0,1,0,1,warm
2026-06-21T01:44:16.114257,32.6,58.0,0,0,0,1,0,1,warm
2026-06-21T01:44:16.116250,32.4,58.0,0,0,0,1,0,1,warm
2026-06-21T01:44:20.124000,32.6,58.0,0,0,0,1,0,1,warm
2026-06-21T01:44:20.127049,32.3,58.0,0,0,0,1,0,1,warm
2026-06-21T01:44:22.129848,32.8,58.0,0,0,0,1,0,1,warm
2026-06-21T01:44:26.139027,32.0,58.0,0,0,0,1,0,1,warm
2026-06-21T01:44:26.143025,32.3,58.0,0,0,0,1,0,1,warm
2026-06-21T01:44:28.144396,32.6,58.0,0,0,0,1,0,1,warm
2026-06-21T01:44:30.149093,32.7,58.0,0,0,0,1,0,1,warm
2026-06-21T01:44:32.155189,32.7,58.0,0,0,0,1,0,1,warm
2026-06-21T01:44:34.159325,32.7,58.0,0,0,0,1,0,1,warm
2026-06-21T01:44:36.163840,32.9,58.0,0,0,0,1,0,1,warm
2026-06-21T01:44:38.170090,32.9,58.0,0,0,0,1,0,1,warm
2026-06-21T01:44:40.174653,32.1,58.0,0,0,0,1,0,1,warm
2026-06-21T01:44:42.179638,32.3,58.0,0,0,0,1,0,1,warm
2026-06-21T01:44:44.185253,32.6,58.0,0,0,0,1,0,1,warm
2026-06-21T01:44:46.189141,32.2,58.0,0,0,0,1,0,1,warm
2026-06-21T01:44:48.194974,32.6,57.0,0,0,0,1,0,1,warm
2026-06-21T01:44:52.206775,32.2,57.0,0,0,0,1,0,1,warm
2026-06-21T01:44:52.209768,32.3,57.0,0,0,0,1,0,1,warm
2026-06-21T01:44:54.211703,32.3,57.0,0,0,0,1,0,1,warm
2026-06-21T01:44:58.220377,32.3,57.0,0,0,0,1,0,1,warm
2026-06-21T01:44:58.222376,32.7,57.0,0,0,0,1,0,1,warm
2026-06-21T01:45:00.220150,32.3,57.0,0,0,0,1,0,1,warm
2026-06-21T01:45:04.236551,32.4,57.0,0,0,0,1,0,1,warm
2026-06-21T01:45:04.240556,32.7,57.0,0,0,0,1,0,1,warm
2026-06-21T01:45:06.241632,32.2,57.0,0,0,0,1,0,1,warm
2026-06-21T01:45:08.247920,32.4,58.0,0,0,0,1,0,1,warm
2026-06-21T01:45:10.251569,32.5,58.0,0,0,0,1,0,1,warm
2026-06-21T01:45:12.257553,32.0,58.0,0,0,0,1,0,1,warm
2026-06-21T01:45:16.268894,32.6,58.0,0,0,0,1,0,1,warm
2026-06-21T01:45:16.271871,32.0,58.0,0,0,0,1,0,1,warm
2026-06-21T01:45:18.272881,32.7,58.0,0,0,0,1,0,1,warm
2026-06-21T01:45:20.277961,32.5,58.0,0,0,0,1,0,1,warm
2026-06-21T01:45:22.284021,32.1,58.0,0,0,0,1,0,1,warm
2026-06-21T01:45:24.290010,32.4,58.0,0,0,0,1,0,1,warm
2026-06-21T01:45:26.294443,32.1,58.0,0,0,0,1,0,1,warm
2026-06-21T01:45:30.304214,32.1,58.0,0,0,0,1,0,1,warm
2026-06-21T01:45:30.306209,32.3,58.0,0,0,0,1,0,1,warm
2026-06-21T01:45:32.309285,32.8,58.0,0,0,0,1,0,1,warm
2026-06-21T01:45:34.314113,32.5,59.0,0,0,0,1,0,1,warm
2026-06-21T01:45:36.319182,32.0,59.0,0,0,0,1,0,1,warm
2026-06-21T01:45:38.325055,32.3,58.0,0,0,0,1,0,1,warm
2026-06-21T01:45:40.328501,32.9,58.0,0,0,0,1,0,1,warm
2026-06-21T01:45:42.334286,32.4,58.0,0,0,0,1,0,1,warm
2026-06-21T01:45:44.339475,32.6,58.0,0,0,0,1,0,1,warm
2026-06-21T01:45:46.344502,32.3,58.0,0,0,0,1,0,1,warm
2026-06-21T01:45:48.349249,32.7,58.0,0,0,0,1,0,1,warm
2026-06-21T01:45:50.352610,32.2,58.0,0,0,0,1,0,1,warm
2026-06-21T01:45:52.359903,32.7,58.0,0,0,0,1,0,1,warm
2026-06-21T01:45:54.357696,32.0,58.0,1,0,0,1,0,1,warm
2026-06-21T01:45:58.374487,32.3,58.0,1,0,0,1,0,1,warm
2026-06-21T01:45:58.376539,32.9,58.0,0,0,0,1,0,1,warm
2026-06-21T01:46:00.377827,32.7,58.0,0,0,0,1,0,1,warm
2026-06-21T01:46:02.384185,32.4,58.0,0,0,0,1,0,1,warm
2026-06-21T01:46:04.386138,32.7,58.0,0,0,0,1,0,1,warm
2026-06-21T01:46:06.395061,32.8,58.0,0,0,0,1,0,1,warm
2026-06-21T01:46:08.398944,32.4,58.0,0,0,0,1,0,1,warm
2026-06-21T01:46:10.404616,32.5,58.0,0,0,0,1,0,1,warm
2026-06-21T01:46:12.410043,32.9,58.0,0,0,0,1,0,1,warm
2026-06-21T01:46:16.419932,32.9,58.0,0,0,0,1,0,1,warm
2026-06-21T01:46:16.422938,32.2,58.0,0,0,0,1,0,1,warm
2026-06-21T01:46:18.425949,32.5,58.0,0,0,0,1,0,1,warm
2026-06-21T01:46:20.431601,32.1,58.0,0,0,0,1,0,1,warm
2026-06-21T01:46:22.436829,32.2,58.0,0,0,0,1,0,1,warm
2026-06-21T01:46:24.440965,32.5,58.0,0,0,0,1,0,1,warm
2026-06-21T01:46:26.447019,32.2,58.0,0,0,0,1,0,1,warm
2026-06-21T01:46:30.458699,32.6,58.0,0,0,0,1,0,1,warm
2026-06-21T01:46:30.462696,32.2,58.0,0,0,0,1,0,1,warm
2026-06-21T01:46:32.462800,32.8,58.0,0,0,0,1,0,1,warm
2026-06-21T01:46:34.468039,32.1,58.0,0,0,0,1,0,1,warm
2026-06-21T01:46:36.473987,32.2,58.0,0,0,0,1,0,1,warm
2026-06-21T01:46:38.479795,32.6,58.0,0,0,0,1,0,1,warm
2026-06-21T01:46:40.483659,32.8,59.0,1,0,0,1,0,1,warm
2026-06-21T01:46:42.489482,32.0,59.0,1,0,0,1,0,1,warm
2026-06-21T01:46:44.493493,32.0,59.0,0,0,0,1,0,1,warm
2026-06-21T01:46:46.497821,32.6,60.0,1,0,0,1,0,1,warm
2026-06-21T01:46:50.507321,32.1,62.0,1,0,0,1,2,1,warm
2026-06-21T01:46:50.512425,32.0,62.0,1,0,1,1,5,2,night_sustained_motion
2026-06-21T01:46:54.521486,32.7,62.0,0,0,1,1,0,1,warm
2026-06-21T01:46:54.524476,32.8,62.0,0,0,0,1,0,1,warm
2026-06-21T01:46:56.525192,32.3,62.0,0,0,0,1,0,1,warm
2026-06-21T01:47:00.535774,32.6,62.0,0,0,0,1,0,1,warm
2026-06-21T01:47:00.537762,32.9,62.0,0,0,0,1,0,1,warm
2026-06-21T01:47:04.546933,32.0,62.0,0,0,0,1,0,1,warm
2026-06-21T01:47:04.549943,32.5,62.0,0,0,0,1,0,1,warm
2026-06-21T01:47:08.559195,32.3,62.0,0,0,0,1,0,1,warm
2026-06-21T01:47:08.562190,32.9,62.0,0,0,0,1,0,1,warm
2026-06-21T01:47:10.563376,32.0,62.0,0,0,0,1,0,1,warm
2026-06-21T01:47:12.569017,32.5,62.0,0,0,0,1,0,1,warm
2026-06-21T01:47:16.580303,32.2,62.0,0,0,0,1,0,1,warm
2026-06-21T01:47:16.582273,32.9,62.0,0,0,0,1,0,1,warm
2026-06-21T01:47:18.587282,31.3,62.0,0,0,0,1,0,1,warm
2026-06-21T01:47:20.592290,31.9,62.0,0,0,0,1,0,1,warm
2026-06-21T01:47:22.597626,31.9,62.0,0,0,0,1,0,1,warm
2026-06-21T01:47:24.605149,31.9,62.0,0,0,0,1,0,1,warm
2026-06-21T01:47:26.610364,31.8,62.0,0,0,0,1,0,1,warm
2026-06-21T01:47:28.616421,31.9,62.0,0,0,0,1,0,1,warm
2026-06-21T01:47:32.628397,31.5,63.0,0,0,0,1,0,1,warm
2026-06-21T01:47:32.631388,31.2,63.0,0,0,0,1,0,1,warm
2026-06-21T01:47:34.635403,31.8,63.0,0,0,0,1,0,1,warm
2026-06-21T01:47:36.641347,31.0,63.0,0,0,0,1,0,1,warm
2026-06-21T01:47:38.646471,31.3,64.0,0,0,0,1,0,1,warm
2026-06-21T01:47:40.651504,31.1,64.0,0,0,0,1,0,1,warm
2026-06-21T01:47:42.655961,31.9,64.0,0,0,0,1,0,1,warm
2026-06-21T01:47:44.661411,31.9,64.0,0,0,0,1,0,1,warm
2026-06-21T01:47:46.661766,31.7,64.0,0,0,0,1,0,1,warm
2026-06-21T01:47:48.671775,31.6,64.0,0,0,0,1,0,1,warm
2026-06-21T01:47:52.683568,31.2,64.0,0,0,0,1,0,1,warm
2026-06-21T01:47:52.686567,31.2,64.0,0,0,0,1,0,1,warm
2026-06-21T01:47:54.687613,31.3,64.0,0,0,0,1,0,1,warm
2026-06-21T01:47:56.693326,31.2,65.0,0,0,0,1,0,1,warm
2026-06-21T01:47:58.698288,31.3,65.0,0,0,0,1,0,1,warm
2026-06-21T01:48:00.704497,31.4,65.0,0,0,0,1,0,1,warm
2026-06-21T01:48:02.708700,31.2,65.0,0,0,0,1,0,1,warm
2026-06-21T01:48:04.710428,30.3,65.0,1,0,0,1,0,1,warm
2026-06-21T01:48:06.718698,30.1,66.0,0,0,0,1,0,1,warm
2026-06-21T01:48:08.723915,30.9,66.0,0,0,0,1,0,1,warm
2026-06-21T01:48:10.728838,30.1,66.0,0,0,0,1,0,1,warm
2026-06-21T01:48:14.739838,30.8,66.0,0,0,0,1,0,1,warm
2026-06-21T01:48:14.743836,30.3,66.0,0,0,0,1,0,1,warm
2026-06-21T01:48:18.750897,30.6,66.0,0,0,0,1,0,1,warm
2026-06-21T01:48:18.753896,30.7,66.0,0,0,0,1,0,1,warm
2026-06-21T01:48:22.761742,30.4,66.0,0,0,0,1,0,1,warm
2026-06-21T01:48:22.764753,30.6,66.0,0,0,0,1,0,1,warm
2026-06-21T01:48:24.767785,30.2,66.0,0,0,0,1,0,1,warm
2026-06-21T01:48:26.772173,30.0,67.0,0,0,0,1,0,1,warm
2026-06-21T01:48:28.776982,30.7,67.0,0,0,0,1,0,1,warm
2026-06-21T01:48:30.783555,30.0,67.0,0,0,0,1,0,1,warm
2026-06-21T01:48:32.789032,30.6,67.0,0,0,0,1,0,1,warm
2026-06-21T01:48:34.794123,30.7,67.0,0,0,0,1,0,1,warm
2026-06-21T01:48:36.801076,30.3,67.0,0,0,0,1,0,1,warm
2026-06-21T01:48:38.806072,30.2,67.0,0,0,0,1,0,1,warm
2026-06-21T01:48:40.812125,30.7,67.0,0,0,0,1,0,1,warm
2026-06-21T01:48:42.818106,30.6,67.0,1,0,0,1,0,1,warm
2026-06-21T01:48:44.824112,30.7,67.0,1,0,0,1,3,1,warm
2026-06-21T01:48:48.836691,30.7,68.0,0,0,0,1,0,1,warm
2026-06-21T01:48:48.838690,30.5,68.0,0,0,0,1,0,1,warm
2026-06-21T01:48:50.842171,30.2,67.0,0,0,0,1,0,1,warm
2026-06-21T01:48:52.848227,30.3,67.0,1,0,0,1,0,1,warm
2026-06-21T01:48:54.855210,30.2,68.0,0,0,0,1,0,1,warm
2026-06-21T01:48:56.860199,30.9,68.0,1,0,0,1,0,1,warm
2026-06-21T01:48:58.866240,30.0,68.0,1,0,0,1,2,1,warm
2026-06-21T01:49:02.872569,30.5,68.0,1,0,0,1,0,1,warm
2026-06-21T01:49:02.879258,30.4,69.0,1,0,0,1,0,1,warm
2026-06-21T01:49:06.888291,30.5,69.0,1,0,0,1,3,1,warm
2026-06-21T01:49:06.891288,30.5,70.0,1,0,0,1,0,1,warm
2026-06-21T01:49:08.893379,30.8,70.0,0,0,0,1,0,1,warm_humid
2026-06-21T01:49:10.899972,30.7,70.0,1,0,0,1,0,1,warm_humid
2026-06-21T01:49:12.900973,30.4,70.0,1,0,0,1,0,1,warm_humid
2026-06-21T01:49:14.910874,30.3,70.0,1,0,0,1,0,1,warm_humid
2026-06-21T01:49:18.921427,30.8,70.0,1,0,0,1,2,1,warm_humid
2026-06-21T01:49:18.924512,30.9,70.0,1,0,0,1,0,1,warm_humid
2026-06-21T01:49:20.929183,30.3,69.0,0,0,0,1,0,1,warm_humid
2026-06-21T01:49:22.934178,30.7,69.0,0,0,0,1,0,1,warm
2026-06-21T01:49:26.943404,30.4,70.0,0,0,0,1,0,1,warm
2026-06-21T01:49:26.947977,30.9,70.0,1,0,0,1,0,1,warm_humid
2026-06-21T01:49:28.951480,30.5,69.0,1,0,0,1,0,1,warm_humid
2026-06-21T01:49:30.958508,30.3,69.0,1,0,0,1,0,1,warm
2026-06-21T01:49:32.964288,30.0,70.0,1,0,0,1,0,1,warm
2026-06-21T01:49:34.967583,30.4,70.0,0,0,0,1,0,1,warm_humid
2026-06-21T01:49:36.972616,30.0,70.0,0,0,0,1,0,1,warm_humid
2026-06-21T01:49:38.978524,30.3,70.0,1,0,0,1,0,1,warm_humid
2026-06-21T01:49:40.985552,30.6,70.0,1,0,0,1,0,1,warm_humid
2026-06-21T01:49:42.990811,30.0,70.0,1,0,0,1,2,1,warm_humid
2026-06-21T01:49:44.995747,29.3,71.0,0,0,0,1,0,1,warm_humid
2026-06-21T01:49:47.001510,29.9,71.0,1,0,0,1,0,1,humid
2026-06-21T01:49:49.007675,29.3,71.0,0,0,0,1,0,1,humid
2026-06-21T01:49:51.014982,29.7,71.0,0,0,0,1,0,1,humid
2026-06-21T01:49:55.026039,29.9,71.0,1,0,0,1,0,1,humid
2026-06-21T01:49:55.028992,29.4,71.0,1,0,0,1,0,1,humid
2026-06-21T01:49:57.031665,29.2,71.0,0,0,0,1,0,1,humid
2026-06-21T01:50:01.043757,29.6,71.0,0,0,0,1,0,1,humid
2026-06-21T01:50:01.048764,29.9,71.0,0,0,0,1,0,1,humid
2026-06-21T01:50:03.049073,29.1,71.0,0,0,0,1,0,1,humid
2026-06-21T01:50:05.056413,29.4,71.0,1,0,0,1,0,1,humid
2026-06-21T01:50:07.062342,29.6,71.0,0,0,0,1,0,1,humid
2026-06-21T01:50:09.068898,29.7,72.0,0,1,1,1,0,3,gas_only
2026-06-21T01:50:13.079625,29.2,72.0,0,0,1,1,0,1,humid
2026-06-21T01:50:13.082625,29.7,72.0,0,1,1,1,0,3,gas_only
2026-06-21T01:50:15.084172,29.9,72.0,0,1,1,1,0,3,gas_only
2026-06-21T01:50:19.094944,29.8,72.0,0,1,1,1,0,3,gas_only
2026-06-21T01:50:19.096988,29.5,72.0,0,1,1,1,0,3,gas_only
2026-06-21T01:50:23.106982,29.0,72.0,0,1,1,1,0,3,gas_only
2026-06-21T01:50:23.109958,29.7,72.0,0,1,1,1,0,3,gas_only
2026-06-21T01:50:25.112092,29.9,72.0,1,1,1,1,0,3,gas_only
2026-06-21T01:50:27.117236,29.2,72.0,1,0,0,1,2,1,humid
2026-06-21T01:50:29.122425,29.7,73.0,0,0,0,1,0,1,humid
2026-06-21T01:50:31.129141,29.8,73.0,0,0,0,1,0,1,humid
2026-06-21T01:50:33.135068,29.6,73.0,0,0,0,1,0,1,humid
2026-06-21T01:50:35.139083,29.6,73.0,0,0,0,1,0,1,humid
2026-06-21T01:50:39.152395,29.2,73.0,0,0,0,1,0,1,humid
2026-06-21T01:50:39.154412,29.3,73.0,0,0,0,1,0,1,humid
2026-06-21T01:50:41.158634,29.3,73.0,0,0,0,1,0,1,humid
2026-06-21T01:50:43.163729,29.4,73.0,0,0,0,1,0,1,humid
2026-06-21T01:50:45.169891,29.8,73.0,0,0,0,1,0,1,humid
2026-06-21T01:50:47.176157,29.8,73.0,0,0,0,1,0,1,humid
2026-06-21T01:50:49.181461,29.6,73.0,0,0,0,1,0,1,humid
2026-06-21T01:50:51.190175,29.5,73.0,1,0,0,1,0,1,humid
2026-06-21T01:50:53.195109,29.3,74.0,0,0,0,1,0,1,humid
2026-06-21T01:50:55.200230,29.8,74.0,0,0,0,1,0,1,humid
2026-06-21T01:50:57.207242,29.7,74.0,0,0,0,1,0,1,humid
2026-06-21T01:50:59.213273,29.1,74.0,0,0,0,1,0,1,humid
2026-06-21T01:51:05.226834,29.9,74.0,0,0,0,1,0,1,humid
2026-06-21T01:51:05.229883,29.6,74.0,0,0,0,1,0,1,humid
2026-06-21T01:51:05.232856,29.7,74.0,0,0,0,1,0,1,humid
2026-06-21T01:51:07.234497,29.2,74.0,1,0,0,1,0,1,humid
2026-06-21T01:51:09.241353,29.8,74.0,0,0,0,1,0,1,humid
2026-06-21T01:51:11.247426,29.0,74.0,1,0,0,1,0,1,humid
2026-06-21T01:51:15.258131,29.4,74.0,0,0,0,1,0,1,humid
2026-06-21T01:51:15.260147,29.8,74.0,0,0,0,1,0,1,humid
2026-06-21T01:51:17.264498,29.8,74.0,1,0,0,1,0,1,humid
2026-06-21T01:51:19.271444,29.9,74.0,0,0,0,1,0,1,humid
2026-06-21T01:51:21.277167,29.3,74.0,1,0,0,1,0,1,humid
2026-06-21T01:51:25.286562,29.1,74.0,1,0,0,1,0,1,humid
2026-06-21T01:51:25.290088,29.6,74.0,1,0,0,1,0,1,humid
2026-06-21T01:51:29.301535,29.6,74.0,0,0,0,1,0,1,humid
2026-06-21T01:51:29.304575,29.5,90.0,1,0,0,1,0,1,humid
2026-06-21T01:51:31.306569,29.8,90.0,1,0,1,1,0,2,critical_humidity
2026-06-21T01:51:33.313548,29.3,89.0,1,0,1,1,2,2,critical_humidity
2026-06-21T01:51:37.324566,29.8,89.0,1,0,1,1,3,2,critical_humidity
2026-06-21T01:51:37.328582,29.1,88.0,0,0,1,1,0,2,critical_humidity
2026-06-21T01:51:39.331595,29.0,87.0,1,0,1,1,0,2,critical_humidity
2026-06-21T01:51:41.337614,29.7,86.0,1,0,1,1,0,2,critical_humidity
2026-06-21T01:51:43.343538,29.2,86.0,1,0,1,1,0,2,critical_humidity
2026-06-21T01:51:45.348838,29.1,85.0,1,0,1,1,3,2,critical_humidity
2026-06-21T01:51:47.353741,29.9,85.0,0,0,1,1,0,2,critical_humidity
2026-06-21T01:51:49.360258,29.3,84.0,0,0,1,1,0,2,critical_humidity
2026-06-21T01:51:51.366652,29.2,83.0,1,0,1,1,0,2,critical_humidity
2026-06-21T01:51:53.372680,29.7,83.0,1,0,1,1,0,2,critical_humidity
2026-06-21T01:51:57.385762,29.9,82.0,0,0,1,1,0,2,critical_humidity
2026-06-21T01:51:57.387788,29.0,82.0,0,0,1,1,0,2,critical_humidity
2026-06-21T01:51:59.389978,29.7,81.0,1,0,1,1,0,2,critical_humidity
2026-06-21T01:52:01.395862,29.3,81.0,1,0,1,1,2,2,critical_humidity
2026-06-21T01:52:03.402612,29.8,81.0,0,0,1,1,0,2,critical_humidity
2026-06-21T01:52:07.415785,29.4,81.0,0,0,1,1,0,2,critical_humidity
2026-06-21T01:52:07.419789,29.2,80.0,0,0,1,1,0,2,critical_humidity
2026-06-21T01:52:09.420823,29.7,80.0,0,0,1,1,0,2,critical_humidity
2026-06-21T01:52:11.427491,29.2,80.0,0,0,1,1,0,2,critical_humidity
2026-06-21T01:52:15.438863,29.7,80.0,0,0,1,1,0,2,critical_humidity
2026-06-21T01:52:15.441874,29.4,79.0,0,0,1,1,0,2,critical_humidity
2026-06-21T01:52:19.449890,29.1,79.0,0,0,1,1,0,1,humid
2026-06-21T01:52:19.453878,29.3,79.0,0,0,0,1,0,1,humid
2026-06-21T01:52:21.455918,29.1,79.0,0,0,0,1,0,1,humid
2026-06-21T01:52:23.462561,29.1,79.0,0,0,0,1,0,1,humid
2026-06-21T01:52:25.469583,29.3,79.0,0,0,0,1,0,1,humid
2026-06-21T01:52:27.474014,29.0,79.0,1,0,0,1,0,1,humid
2026-06-21T01:52:29.479539,29.5,79.0,0,0,0,1,0,1,humid
2026-06-21T01:52:31.486526,29.5,79.0,0,0,0,1,0,1,humid
2026-06-21T01:52:33.492014,29.8,79.0,0,0,0,1,0,1,humid
2026-06-21T01:52:37.506066,29.5,79.0,0,0,0,1,0,1,humid
2026-06-21T01:52:37.508105,29.5,79.0,0,0,0,1,0,1,humid
2026-06-21T01:52:41.517129,29.6,79.0,0,0,0,1,0,1,humid
2026-06-21T01:52:41.521128,29.7,79.0,0,0,0,1,0,1,humid
2026-06-21T01:52:43.522669,29.3,79.0,0,0,0,1,0,1,humid
2026-06-21T01:52:45.528159,29.0,79.0,1,0,0,1,0,1,humid
2026-06-21T01:52:47.534138,29.5,79.0,1,0,0,1,0,1,humid
2026-06-21T01:52:49.541531,29.5,79.0,1,0,0,1,3,1,humid
2026-06-21T01:52:53.555105,29.3,79.0,1,0,1,1,5,2,night_sustained_motion
2026-06-21T01:52:53.557142,29.9,79.0,0,0,0,1,0,1,humid
2026-06-21T01:52:57.564830,29.4,79.0,1,0,0,1,0,1,humid
2026-06-21T01:52:57.567862,29.9,79.0,0,0,0,1,0,1,humid
2026-06-21T01:52:59.567556,29.5,79.0,1,0,0,1,0,1,humid
2026-06-21T01:53:01.575134,29.7,79.0,0,0,0,1,0,1,humid
2026-06-21T01:53:05.590218,29.3,79.0,1,0,0,1,0,1,humid
2026-06-21T01:53:05.594220,29.9,79.0,1,0,0,1,0,1,humid
2026-06-21T01:53:07.596080,29.9,79.0,1,0,0,1,3,1,humid
2026-06-21T01:53:09.602295,29.8,79.0,1,0,0,1,0,1,humid
2026-06-21T01:53:11.606338,29.6,79.0,1,0,0,1,0,1,humid
2026-06-21T01:53:13.613346,29.7,79.0,0,0,0,1,0,1,humid
2026-06-21T01:53:15.618337,29.6,78.0,1,0,0,1,0,1,humid
2026-06-21T01:53:17.626337,29.3,78.0,0,0,0,1,0,1,humid
2026-06-21T01:53:21.639263,29.3,78.0,0,0,0,1,0,1,humid
2026-06-21T01:53:21.642294,29.3,78.0,0,0,0,1,0,1,humid
2026-06-21T01:53:23.644392,29.3,79.0,0,0,0,1,0,1,humid
2026-06-21T01:53:25.649098,29.9,79.0,0,0,0,1,0,1,humid
2026-06-21T01:53:27.654512,29.8,79.0,0,0,0,1,0,1,humid
2026-06-21T01:53:29.661452,29.3,79.0,0,0,0,1,0,1,humid
2026-06-21T01:53:31.668420,29.8,79.0,1,0,0,1,0,1,humid
2026-06-21T01:53:33.673153,29.7,79.0,1,0,0,1,0,1,humid
2026-06-21T01:53:35.679425,29.2,79.0,0,0,0,1,0,1,humid
2026-06-21T01:53:37.686611,29.1,79.0,1,0,0,1,0,1,humid
2026-06-21T01:53:39.690962,29.4,79.0,0,0,0,1,0,1,humid
2026-06-21T01:53:41.698567,29.9,79.0,1,0,0,1,0,1,humid
2026-06-21T01:53:45.710563,29.0,79.0,0,0,0,1,0,1,humid
2026-06-21T01:53:45.713595,29.4,79.0,1,0,0,1,0,1,humid
2026-06-21T01:53:47.716572,29.0,79.0,0,0,0,1,0,1,humid
2026-06-21T01:53:49.722968,28.3,80.0,0,0,0,1,0,1,humid
2026-06-21T01:53:53.732660,28.8,80.0,0,0,1,1,0,2,critical_humidity
2026-06-21T01:53:53.737642,28.4,80.0,0,0,1,1,0,2,critical_humidity
2026-06-21T01:53:55.739297,28.6,80.0,0,0,1,1,0,2,critical_humidity
2026-06-21T01:53:57.744682,28.2,80.0,0,0,1,1,0,2,critical_humidity
2026-06-21T01:53:59.750736,28.0,80.0,1,0,1,1,0,2,critical_humidity
2026-06-21T01:54:01.755753,28.9,80.0,1,0,1,1,3,2,critical_humidity
2026-06-21T01:54:03.761174,28.7,80.0,1,0,1,1,5,2,critical_humidity
2026-06-21T01:54:05.766975,28.9,80.0,1,0,1,1,5,2,critical_humidity
2026-06-21T01:54:07.774376,28.8,80.0,1,0,1,1,0,2,critical_humidity
2026-06-21T01:54:09.778754,28.1,80.0,0,0,1,1,0,2,critical_humidity
2026-06-21T01:54:11.785146,28.9,80.0,0,0,1,1,0,2,critical_humidity
2026-06-21T01:54:13.789998,28.7,80.0,1,0,1,1,0,2,critical_humidity
2026-06-21T01:54:15.795500,28.9,80.0,1,0,1,1,0,2,critical_humidity
2026-06-21T01:54:17.800531,28.8,80.0,1,0,1,1,0,2,critical_humidity
2026-06-21T01:54:19.808579,28.0,80.0,1,0,1,1,0,2,critical_humidity
2026-06-21T01:54:21.811890,28.9,80.0,0,0,1,1,0,2,critical_humidity
2026-06-21T01:54:23.817074,28.6,80.0,0,0,1,1,0,2,critical_humidity
2026-06-21T01:54:25.822991,28.9,80.0,1,0,1,1,0,2,critical_humidity
2026-06-21T01:54:27.829011,28.7,80.0,1,0,1,1,0,2,critical_humidity
2026-06-21T01:54:29.836585,28.7,80.0,1,0,1,1,0,2,critical_humidity
2026-06-21T01:54:31.841400,28.9,80.0,1,0,1,1,2,2,critical_humidity
2026-06-21T01:54:33.847985,28.5,81.0,1,0,1,1,0,2,critical_humidity
2026-06-21T01:54:35.853703,28.6,81.0,0,0,1,1,0,2,critical_humidity
2026-06-21T01:54:39.865783,28.9,81.0,0,0,1,1,0,2,critical_humidity
2026-06-21T01:54:39.867783,28.2,81.0,0,0,1,1,0,2,critical_humidity
2026-06-21T01:54:41.871647,28.6,81.0,0,0,1,1,0,2,critical_humidity
2026-06-21T01:54:43.878320,28.5,80.0,1,0,1,1,0,2,critical_humidity
2026-06-21T01:54:45.884070,28.4,81.0,0,0,1,1,0,2,critical_humidity
2026-06-21T01:54:47.890000,28.3,81.0,0,0,1,1,0,2,critical_humidity
2026-06-21T01:54:49.894019,28.9,81.0,0,0,1,1,0,2,critical_humidity
2026-06-21T01:54:51.901152,28.5,81.0,0,0,1,1,0,2,critical_humidity
2026-06-21T01:54:53.908158,28.7,80.0,0,0,1,1,0,2,critical_humidity
2026-06-21T01:54:55.913241,28.1,80.0,0,0,1,1,0,2,critical_humidity
2026-06-21T01:54:59.922865,28.0,81.0,0,0,1,1,0,2,critical_humidity
2026-06-21T01:54:59.925303,28.8,81.0,1,0,1,1,0,2,critical_humidity
2026-06-21T01:55:01.929244,28.8,80.0,0,0,1,1,0,2,critical_humidity
2026-06-21T01:55:03.932722,28.5,81.0,0,0,1,1,0,2,critical_humidity
2026-06-21T01:55:05.941246,28.4,81.0,0,0,1,1,0,2,critical_humidity
2026-06-21T01:55:09.951280,28.3,81.0,0,0,1,1,0,2,critical_humidity
2026-06-21T01:55:09.954305,28.2,81.0,0,0,1,1,0,2,critical_humidity
2026-06-21T01:55:13.962387,28.0,80.0,0,0,1,1,0,2,critical_humidity
2026-06-21T01:55:13.964416,28.7,81.0,0,0,1,1,0,2,critical_humidity
2026-06-21T01:55:15.969306,28.2,81.0,0,0,1,1,0,2,critical_humidity
2026-06-21T01:55:19.983438,28.6,81.0,1,0,1,1,0,2,critical_humidity
2026-06-21T01:55:19.986387,28.9,81.0,0,0,1,1,0,2,critical_humidity
2026-06-21T01:55:21.987701,28.9,81.0,1,0,1,1,0,2,critical_humidity
2026-06-21T01:55:23.992442,28.4,81.0,1,0,1,1,3,2,critical_humidity
2026-06-21T01:55:28.005421,28.2,81.0,1,0,1,1,5,2,critical_humidity
2026-06-21T01:55:28.009406,28.6,81.0,1,0,1,1,5,2,critical_humidity
2026-06-21T01:55:30.010075,28.0,81.0,1,0,1,1,0,2,critical_humidity
2026-06-21T01:55:32.017487,28.8,81.0,1,0,1,1,2,2,critical_humidity
2026-06-21T01:55:34.023550,28.6,81.0,1,0,1,1,3,2,critical_humidity
2026-06-21T01:55:36.027498,28.6,81.0,1,1,1,1,0,3,gas_only
2026-06-21T01:55:38.033583,28.0,81.0,1,1,1,1,2,3,gas_only
2026-06-21T01:55:42.045561,28.4,81.0,1,1,1,1,3,3,gas_only
2026-06-21T01:55:42.049551,28.7,81.0,0,0,1,1,0,2,critical_humidity
2026-06-21T01:55:44.049782,28.7,81.0,0,0,1,1,0,2,critical_humidity
2026-06-21T01:55:46.056024,28.1,81.0,0,0,1,1,0,2,critical_humidity
2026-06-21T01:55:48.062270,28.9,81.0,0,0,1,1,0,2,critical_humidity
2026-06-21T01:55:50.067597,28.7,81.0,0,0,1,1,0,2,critical_humidity
2026-06-21T01:55:52.074820,28.5,81.0,0,0,1,1,0,2,critical_humidity
2026-06-21T01:55:54.080747,28.7,81.0,1,0,1,1,0,2,critical_humidity
2026-06-21T01:55:58.092705,28.9,81.0,0,1,1,1,0,3,gas_only
2026-06-21T01:55:58.096743,28.3,81.0,1,0,1,1,0,2,critical_humidity
2026-06-21T01:56:00.096965,28.8,81.0,1,1,1,1,2,3,gas_only
2026-06-21T01:56:02.103845,28.3,81.0,1,1,1,1,3,3,gas_only
2026-06-21T01:56:04.109802,28.1,81.0,0,1,1,1,0,3,gas_only
2026-06-21T01:56:06.114981,28.6,81.0,0,1,1,1,0,3,gas_only
2026-06-21T01:56:10.125116,28.5,81.0,0,1,1,1,0,3,gas_only
2026-06-21T01:56:10.127096,28.0,81.0,1,1,1,1,0,3,gas_only
2026-06-21T01:56:12.131031,28.6,82.0,1,1,1,1,0,3,gas_only
2026-06-21T01:56:16.141302,28.6,82.0,1,1,1,1,0,3,gas_only
2026-06-21T01:56:16.142598,28.5,81.0,1,1,1,1,0,3,gas_only
2026-06-21T01:56:18.147278,28.5,81.0,1,1,1,1,0,3,gas_only
2026-06-21T01:56:20.152840,28.9,81.0,1,1,1,1,0,3,gas_only
2026-06-21T01:56:22.159296,28.0,82.0,1,1,1,1,3,3,gas_only
2026-06-21T01:56:24.164374,28.3,81.0,1,1,1,1,0,3,gas_only
2026-06-21T01:56:26.169188,28.0,82.0,0,1,1,1,0,3,gas_only
2026-06-21T01:56:28.174963,28.7,81.0,0,1,1,1,0,3,gas_only
2026-06-21T01:56:30.181010,28.4,81.0,1,1,1,1,0,3,gas_only
2026-06-21T01:56:34.192235,28.1,82.0,0,1,1,1,0,3,gas_only
2026-06-21T01:56:34.195263,28.3,81.0,1,1,1,1,0,3,gas_only
2026-06-21T01:56:36.197098,28.1,81.0,1,0,1,1,2,2,critical_humidity
2026-06-21T01:56:38.203149,28.7,81.0,1,0,1,1,5,2,critical_humidity
2026-06-21T01:56:40.210056,28.2,81.0,1,0,1,1,0,2,critical_humidity
2026-06-21T01:56:42.215067,28.6,81.0,1,0,1,1,0,2,critical_humidity
2026-06-21T01:56:44.221093,28.0,81.0,1,0,1,1,0,2,critical_humidity
2026-06-21T01:56:48.234085,28.9,81.0,0,0,1,1,0,2,critical_humidity
2026-06-21T01:56:48.237100,28.3,81.0,1,0,1,1,0,2,critical_humidity
2026-06-21T01:56:50.238824,28.7,81.0,1,0,1,1,3,2,critical_humidity
2026-06-21T01:56:52.245230,28.5,81.0,0,0,1,1,0,2,critical_humidity
2026-06-21T01:56:54.251183,28.1,81.0,1,0,1,1,0,2,critical_humidity
2026-06-21T01:56:56.258367,28.7,81.0,1,0,1,1,3,2,critical_humidity
2026-06-21T01:57:00.270049,28.9,81.0,1,0,1,1,5,2,critical_humidity
2026-06-21T01:57:00.273052,28.2,81.0,0,0,1,1,0,2,critical_humidity
2026-06-21T01:57:02.276161,28.4,81.0,1,0,1,1,0,2,critical_humidity
2026-06-21T01:57:04.282312,28.7,81.0,1,0,1,1,0,2,critical_humidity
2026-06-21T01:57:06.287935,28.6,81.0,1,0,1,1,0,2,critical_humidity
2026-06-21T01:57:08.294274,28.7,81.0,1,0,1,1,0,2,critical_humidity
2026-06-21T01:57:10.300285,28.1,81.0,0,0,1,1,0,2,critical_humidity
2026-06-21T01:57:12.305004,28.2,81.0,0,0,1,1,0,2,critical_humidity
2026-06-21T01:57:14.311911,28.6,81.0,0,0,1,1,0,2,critical_humidity
2026-06-21T01:57:16.318344,28.5,81.0,0,0,1,1,0,2,critical_humidity
2026-06-21T01:57:18.324414,28.5,81.0,0,0,1,1,0,2,critical_humidity
2026-06-21T01:57:20.325610,28.0,81.0,0,0,1,1,0,2,critical_humidity
2026-06-21T01:57:22.335377,28.5,82.0,0,0,1,1,0,2,critical_humidity
2026-06-21T01:57:24.342075,28.3,81.0,0,0,1,1,0,2,critical_humidity
2026-06-21T01:57:26.349409,28.0,82.0,0,0,1,1,0,2,critical_humidity
2026-06-21T01:57:28.354400,28.8,82.0,0,0,1,1,0,2,critical_humidity
2026-06-21T01:57:30.360906,28.8,82.0,0,0,1,1,0,2,critical_humidity
2026-06-21T01:57:32.366472,28.3,81.0,0,0,1,1,0,2,critical_humidity
2026-06-21T01:57:34.370088,28.0,82.0,0,0,1,1,0,2,critical_humidity
2026-06-21T01:57:38.384496,28.3,81.0,0,0,1,1,0,2,critical_humidity
2026-06-21T01:57:38.388496,28.0,82.0,0,0,1,1,0,2,critical_humidity
2026-06-21T01:57:40.389968,28.8,81.0,0,0,1,1,0,2,critical_humidity
2026-06-21T01:57:42.395072,28.8,81.0,0,0,1,1,0,2,critical_humidity
2026-06-21T01:57:46.406577,28.4,81.0,0,0,1,1,0,2,critical_humidity
2026-06-21T01:57:46.410607,28.1,81.0,0,0,1,1,0,2,critical_humidity
2026-06-21T01:57:48.411567,28.1,81.0,0,0,1,1,0,2,critical_humidity
2026-06-21T01:57:50.418167,28.1,81.0,1,0,1,1,0,2,critical_humidity
2026-06-21T01:57:52.424180,28.0,81.0,0,0,1,1,0,2,critical_humidity
2026-06-21T01:57:54.428995,28.6,81.0,1,0,1,1,0,2,critical_humidity
2026-06-21T01:57:56.435273,28.9,81.0,0,0,1,1,0,2,critical_humidity
2026-06-21T01:57:58.439650,28.2,81.0,1,0,1,1,0,2,critical_humidity
2026-06-21T01:58:00.446717,28.4,81.0,1,0,1,1,0,2,critical_humidity
2026-06-21T01:58:02.453411,28.2,81.0,0,0,1,1,0,2,critical_humidity
2026-06-21T01:58:04.459489,28.2,81.0,1,0,1,1,0,2,critical_humidity
2026-06-21T01:58:08.469968,28.5,82.0,0,0,1,1,0,2,critical_humidity
2026-06-21T01:58:08.472970,28.5,82.0,0,0,1,1,0,2,critical_humidity
2026-06-21T01:58:10.475784,28.3,82.0,1,0,1,1,0,2,critical_humidity
2026-06-21T01:58:12.481767,28.5,83.0,1,0,1,1,2,2,critical_humidity
2026-06-21T01:58:16.494501,28.8,83.0,0,0,1,1,0,2,critical_humidity
2026-06-21T01:58:16.494501,28.2,82.0,0,0,1,1,0,2,critical_humidity
2026-06-21T01:58:18.500194,28.1,83.0,0,0,1,1,0,2,critical_humidity
2026-06-21T01:58:20.505383,28.4,83.0,0,0,1,1,0,2,critical_humidity
2026-06-21T01:58:22.511396,28.3,82.0,0,0,1,1,0,2,critical_humidity
2026-06-21T01:58:24.517589,28.1,82.0,0,0,1,1,0,2,critical_humidity
2026-06-21T01:58:26.524599,28.2,82.0,0,0,1,1,0,2,critical_humidity
2026-06-21T01:58:28.529189,28.3,82.0,0,0,1,1,0,2,critical_humidity
2026-06-21T01:58:30.536199,29.9,81.0,0,0,1,1,0,2,critical_humidity
2026-06-21T01:58:32.540632,29.2,81.0,0,0,1,1,0,2,critical_humidity
2026-06-21T01:58:34.547266,29.3,81.0,0,0,1,1,0,2,critical_humidity
2026-06-21T01:58:36.552312,29.1,81.0,0,0,1,1,0,2,critical_humidity
2026-06-21T01:58:38.557666,29.2,81.0,0,0,1,1,0,2,critical_humidity
2026-06-21T01:58:40.564743,29.6,81.0,0,0,1,1,0,2,critical_humidity
2026-06-21T01:58:42.570414,29.5,80.0,0,0,1,1,0,2,critical_humidity
2026-06-21T01:58:44.575630,29.2,80.0,0,0,1,1,0,2,critical_humidity
2026-06-21T01:58:46.582083,29.3,80.0,0,0,1,1,0,2,critical_humidity
2026-06-21T01:58:48.587594,29.8,80.0,0,0,1,1,0,2,critical_humidity
2026-06-21T01:58:50.592860,29.0,80.0,0,0,1,1,0,2,critical_humidity
2026-06-21T01:58:52.598559,29.7,80.0,0,0,1,1,0,2,critical_humidity
2026-06-21T01:58:54.604299,29.8,80.0,0,0,1,1,0,2,critical_humidity
2026-06-21T01:58:56.610795,29.0,79.0,0,0,1,1,0,2,critical_humidity
2026-06-21T01:58:58.616092,29.5,79.0,0,0,0,1,0,1,humid
2026-06-21T01:59:00.620582,29.6,79.0,0,0,0,1,0,1,humid
2026-06-21T01:59:04.634186,29.8,79.0,0,0,0,1,0,1,humid
2026-06-21T01:59:04.636183,29.5,79.0,0,0,0,1,0,1,humid
2026-06-21T01:59:08.646476,29.5,79.0,0,0,0,1,0,1,humid
2026-06-21T01:59:08.649484,29.8,79.0,1,0,0,1,0,1,humid
2026-06-21T01:59:12.659102,29.6,79.0,1,0,0,1,2,1,humid
2026-06-21T01:59:12.661106,29.8,79.0,0,0,0,1,0,1,humid
2026-06-21T01:59:14.664474,29.7,79.0,0,0,0,1,0,1,humid
2026-06-21T01:59:18.676545,29.3,79.0,0,0,0,1,0,1,humid
2026-06-21T01:59:18.679539,29.9,79.0,0,0,0,1,0,1,humid
2026-06-21T01:59:20.684163,29.7,79.0,0,0,0,1,0,1,humid
2026-06-21T01:59:22.689068,29.5,78.0,0,0,0,1,0,1,humid
2026-06-21T01:59:24.694427,29.1,78.0,0,0,0,1,0,1,humid
2026-06-21T01:59:26.701388,29.8,78.0,0,0,0,1,0,1,humid
2026-06-21T01:59:28.706876,29.8,78.0,0,0,0,1,0,1,humid
2026-06-21T01:59:30.712744,29.7,78.0,0,0,0,1,0,1,humid
2026-06-21T01:59:32.719478,29.1,78.0,0,0,0,1,0,1,humid
2026-06-21T01:59:34.726049,29.7,78.0,0,0,0,1,0,1,humid
2026-06-21T01:59:36.731852,29.0,78.0,0,0,0,1,0,1,humid
2026-06-21T01:59:38.736536,29.0,78.0,0,0,0,1,0,1,humid
2026-06-21T01:59:42.749671,29.7,77.0,0,0,0,1,0,1,humid
2026-06-21T01:59:42.751636,29.0,77.0,0,0,0,1,0,1,humid
2026-06-21T01:59:46.762163,29.6,78.0,0,0,0,1,0,1,humid
2026-06-21T01:59:46.764195,29.2,77.0,0,0,0,1,0,1,humid
2026-06-21T01:59:48.768829,29.1,77.0,0,0,0,1,0,1,humid
2026-06-21T01:59:50.773731,29.3,77.0,0,0,0,1,0,1,humid
2026-06-21T01:59:54.783963,29.0,77.0,0,0,0,1,0,1,humid
2026-06-21T01:59:54.785994,29.6,77.0,0,0,0,1,0,1,humid
2026-06-21T01:59:56.791133,29.5,77.0,0,0,0,1,0,1,humid
2026-06-21T01:59:58.795358,29.0,77.0,0,0,0,1,0,1,humid
2026-06-21T02:00:00.802216,29.3,77.0,0,0,0,1,0,1,humid
2026-06-21T02:00:04.815329,29.4,77.0,0,0,0,1,0,1,humid
2026-06-21T02:00:04.819335,29.3,77.0,0,0,0,1,0,1,humid
2026-06-21T02:00:06.820253,29.4,77.0,0,0,0,1,0,1,humid
2026-06-21T02:00:08.825899,29.4,77.0,0,0,0,1,0,1,humid
2026-06-21T02:00:10.833802,29.3,77.0,0,0,0,1,0,1,humid
2026-06-21T02:00:14.845724,29.7,77.0,0,0,0,1,0,1,humid
2026-06-21T02:00:14.847749,29.0,77.0,0,0,0,1,0,1,humid
2026-06-21T02:00:16.849706,29.3,77.0,0,0,0,1,0,1,humid
2026-06-21T02:00:18.856320,29.7,77.0,0,0,0,1,0,1,humid
2026-06-21T02:00:20.861657,29.0,77.0,0,0,0,1,0,1,humid
2026-06-21T02:00:22.866664,29.6,77.0,0,0,0,1,0,1,humid
2026-06-21T02:00:24.874270,29.4,77.0,0,0,0,1,0,1,humid
2026-06-21T02:00:28.880235,29.4,77.0,0,0,0,1,0,1,humid
2026-06-21T02:00:28.886903,29.3,77.0,0,0,0,1,0,1,humid
2026-06-21T02:00:32.897922,29.3,77.0,0,0,0,1,0,1,humid
2026-06-21T02:00:32.902924,29.9,76.0,0,0,0,1,0,1,humid
2026-06-21T02:00:34.902865,29.4,76.0,0,0,0,1,0,1,humid
2026-06-21T02:00:36.908863,29.3,76.0,0,0,0,1,0,1,humid
2026-06-21T02:00:40.921006,29.3,76.0,0,0,0,1,0,1,humid
2026-06-21T02:00:40.923985,29.9,76.0,0,0,0,1,0,1,humid
2026-06-21T02:00:42.922423,29.6,76.0,0,0,0,1,0,1,humid
2026-06-21T02:00:46.933929,29.4,76.0,0,0,0,1,0,1,humid
2026-06-21T02:00:46.942301,29.1,76.0,0,0,0,1,0,1,humid
2026-06-21T02:00:48.944057,29.4,76.0,0,0,0,1,0,1,humid
2026-06-21T02:00:50.951067,29.3,76.0,0,0,0,1,0,1,humid
2026-06-21T02:00:52.956356,29.9,76.0,0,0,0,1,0,1,humid
2026-06-21T02:00:54.961549,29.8,77.0,0,0,0,1,0,1,humid
2026-06-21T02:00:56.968372,29.6,77.0,0,0,0,1,0,1,humid
2026-06-21T02:00:58.975108,29.4,77.0,0,0,0,1,0,1,humid
2026-06-21T02:01:00.979119,29.0,77.0,0,0,0,1,0,1,humid
2026-06-21T02:01:02.985338,29.2,77.0,0,0,0,1,0,1,humid
2026-06-21T02:01:04.992299,29.1,77.0,0,0,0,1,0,1,humid
2026-06-21T02:01:06.998381,29.9,77.0,0,0,0,1,0,1,humid
2026-06-21T02:01:11.008992,29.4,76.0,0,0,0,1,0,1,humid
2026-06-21T02:01:11.013991,29.0,76.0,0,0,0,1,0,1,humid
2026-06-21T02:01:13.015330,29.8,76.0,0,0,0,1,0,1,humid
2026-06-21T02:01:15.020748,29.0,76.0,0,0,0,1,0,1,humid
2026-06-21T02:01:17.025815,29.0,76.0,0,0,0,1,0,1,humid
2026-06-21T02:01:19.030404,29.8,76.0,0,0,0,1,0,1,humid
2026-06-21T02:01:21.037113,29.0,76.0,0,0,0,1,0,1,humid
2026-06-21T02:01:23.042856,29.6,76.0,0,0,0,1,0,1,humid
2026-06-21T02:01:25.048016,29.5,76.0,0,0,0,1,0,1,humid
2026-06-21T02:01:29.060467,29.4,76.0,0,0,0,1,0,1,humid
2026-06-21T02:01:29.063474,29.6,76.0,0,0,0,1,0,1,humid
2026-06-21T02:01:31.066121,29.4,76.0,0,0,0,1,0,1,humid
2026-06-21T02:01:33.072391,29.0,76.0,0,0,0,1,0,1,humid
2026-06-21T02:01:37.085830,29.5,76.0,0,0,0,1,0,1,humid
2026-06-21T02:01:37.087827,29.0,76.0,0,0,0,1,0,1,humid
2026-06-21T02:01:39.084331,29.1,77.0,0,0,0,1,0,1,humid
2026-06-21T02:01:41.093660,29.9,77.0,0,0,0,1,0,1,humid
2026-06-21T02:01:43.101500,29.5,76.0,0,0,0,1,0,1,humid
2026-06-21T02:01:45.106562,29.1,76.0,0,0,0,1,0,1,humid
2026-06-21T02:01:49.116569,29.1,76.0,0,0,0,1,0,1,humid
2026-06-21T02:01:49.119578,29.0,76.0,0,0,0,1,0,1,humid
2026-06-21T02:01:53.128158,29.5,76.0,0,0,0,1,0,1,humid
2026-06-21T02:01:53.131148,29.7,76.0,0,0,0,1,0,1,humid
2026-06-21T02:01:55.134687,29.0,76.0,0,0,0,1,0,1,humid
2026-06-21T02:01:57.138227,29.5,76.0,0,0,0,1,0,1,humid
2026-06-21T02:01:59.145676,29.9,76.0,0,0,0,1,0,1,humid
2026-06-21T02:02:01.150744,29.9,77.0,0,0,0,1,0,1,humid
2026-06-21T02:02:03.156721,29.9,76.0,0,0,0,1,0,1,humid
2026-06-21T02:02:05.162695,29.0,76.0,0,0,0,1,0,1,humid
2026-06-21T02:02:09.173431,29.2,76.0,0,0,0,1,0,1,humid
2026-06-21T02:02:09.174585,29.0,76.0,0,0,0,1,0,1,humid
2026-06-21T02:02:11.179550,29.0,76.0,0,0,0,1,0,1,humid
2026-06-21T02:02:13.182346,29.0,77.0,0,0,0,1,0,1,humid
2026-06-21T02:02:15.189094,29.3,77.0,0,0,0,1,0,1,humid
2026-06-21T02:02:17.194149,29.0,76.0,0,0,0,1,0,1,humid
2026-06-21T02:02:19.195744,29.0,76.0,0,0,0,1,0,1,humid
2026-06-21T02:02:21.204367,29.1,76.0,0,0,0,1,0,1,humid
2026-06-21T02:02:23.209605,29.2,77.0,0,0,0,1,0,1,humid
2026-06-21T02:02:25.216102,29.6,76.0,0,0,0,1,0,1,humid
2026-06-21T02:02:27.219843,29.2,76.0,0,0,0,1,0,1,humid
2026-06-21T02:02:29.223504,29.8,76.0,0,0,0,1,0,1,humid
2026-06-21T02:02:31.233156,29.0,76.0,0,0,0,1,0,1,humid
2026-06-21T02:02:33.238016,29.0,76.0,0,0,0,1,0,1,humid
2026-06-21T02:02:35.244139,29.2,77.0,0,0,0,1,0,1,humid
2026-06-21T02:02:37.248842,29.2,76.0,0,0,0,1,0,1,humid
2026-06-21T02:02:39.255049,29.4,76.0,0,0,0,1,0,1,humid
2026-06-21T02:02:41.261562,29.6,76.0,0,0,0,1,0,1,humid
2026-06-21T02:02:43.267880,29.6,76.0,0,0,0,1,0,1,humid
2026-06-21T02:02:45.274044,29.2,76.0,0,0,0,1,0,1,humid
2026-06-21T02:02:47.280784,29.5,77.0,0,0,0,1,0,1,humid
2026-06-21T02:02:49.288851,29.8,77.0,0,0,0,1,0,1,humid
2026-06-21T02:02:51.292406,29.8,77.0,0,0,0,1,0,1,humid
2026-06-21T02:02:53.298143,29.9,76.0,0,0,0,1,0,1,humid
2026-06-21T02:02:57.310584,29.5,76.0,0,0,0,1,0,1,humid
2026-06-21T02:02:57.313578,29.4,76.0,0,0,0,1,0,1,humid
2026-06-21T02:02:59.320313,29.3,76.0,0,0,0,1,0,1,humid
2026-06-21T02:03:01.322494,29.3,76.0,0,0,0,1,0,1,humid
2026-06-21T02:03:03.329456,29.9,76.0,0,0,0,1,0,1,humid
2026-06-21T02:03:05.334067,29.1,76.0,0,0,0,1,0,1,humid
2026-06-21T02:03:07.339687,29.4,76.0,0,0,0,1,0,1,humid
2026-06-21T02:03:09.345545,29.5,76.0,0,0,0,1,0,1,humid
2026-06-21T02:03:11.352257,29.5,76.0,1,0,0,1,0,1,humid
2026-06-21T02:03:13.358289,29.0,76.0,0,0,0,1,0,1,humid
2026-06-21T02:03:15.362295,29.0,76.0,0,0,0,1,0,1,humid
2026-06-21T02:03:17.367947,29.2,76.0,0,0,0,1,0,1,humid
2026-06-21T02:03:19.373781,29.2,76.0,0,0,0,1,0,1,humid
2026-06-21T02:03:21.381399,29.3,76.0,0,0,0,1,0,1,humid
2026-06-21T02:03:23.386263,29.4,76.0,0,0,0,1,0,1,humid
2026-06-21T02:03:25.391890,29.6,76.0,0,0,0,1,0,1,humid
2026-06-21T02:03:27.397295,29.8,76.0,0,0,0,1,0,1,humid
2026-06-21T02:03:31.406553,29.3,76.0,0,0,0,1,0,1,humid
2026-06-21T02:03:31.411878,29.5,76.0,0,0,0,1,0,1,humid
2026-06-21T02:03:33.416024,29.1,76.0,0,0,0,1,0,1,humid
2026-06-21T02:03:35.422242,29.4,76.0,0,0,0,1,0,1,humid
2026-06-21T02:03:39.433599,29.1,76.0,0,0,0,1,0,1,humid
2026-06-21T02:03:39.437588,29.2,76.0,0,0,0,1,0,1,humid
2026-06-21T02:03:41.438920,29.4,76.0,0,0,0,1,0,1,humid
