created_at,temperature,humidity,motion,gas,is_night,motion_duration_sec
2026-06-21T12:28:24.079525,29.2,69.0,0,0,0,0
2026-06-21T12:28:24.485481,29.0,69.0,0,0,0,0
2026-06-21T12:28:28.491065,29.3,69.0,0,0,0,0
2026-06-21T12:28:28.491065,29.7,69.0,0,0,0,0
2026-06-21T12:28:30.501661,29.4,69.0,0,0,0,0
2026-06-21T12:28:32.505688,29.4,69.0,1,0,0,0
2026-06-21T12:28:34.511835,29.7,69.0,0,0,0,0
2026-06-21T12:28:38.522779,29.4,69.0,1,0,0,0
2026-06-21T12:28:38.522779,29.7,69.0,1,0,0,0
2026-06-21T12:28:40.528016,29.3,69.0,1,0,0,3
2026-06-21T12:28:42.534161,29.8,69.0,1,0,0,5
2026-06-21T12:28:44.539850,29.6,69.0,0,0,0,0
2026-06-21T12:28:46.545678,29.3,69.0,1,0,0,0
2026-06-21T12:28:50.554876,29.5,69.0,1,0,0,2
2026-06-21T12:28:50.555886,29.3,69.0,1,0,0,4
2026-06-21T12:28:52.558424,29.7,68.0,1,0,0,0
2026-06-21T12:28:56.571819,29.5,68.0,1,0,0,2
2026-06-21T12:28:56.571819,29.2,68.0,0,0,0,0
2026-06-21T12:28:58.576321,29.2,69.0,1,0,0,0
2026-06-21T12:29:02.590003,29.8,69.0,1,0,0,2
2026-06-21T12:29:02.590003,29.9,69.0,1,0,0,5
2026-06-21T12:29:04.594613,29.4,68.0,1,0,0,7
2026-06-21T12:29:06.589712,29.3,69.0,1,0,0,9
2026-06-21T12:29:08.604125,29.8,68.0,1,0,0,10
2026-06-21T12:29:12.614938,29.1,69.0,1,0,0,12
2026-06-21T12:29:12.615916,29.7,68.0,1,0,0,14
2026-06-21T12:29:14.610041,29.7,68.0,1,0,0,17
2026-06-21T12:29:18.628013,29.8,68.0,1,0,0,19
2026-06-21T12:29:18.630020,29.5,69.0,1,0,0,21
2026-06-21T12:29:20.632942,29.8,68.0,1,0,0,22
2026-06-21T12:29:22.639281,29.2,68.0,1,0,0,24
2026-06-21T12:29:24.644551,29.9,68.0,1,0,0,0
2026-06-21T12:29:26.648320,29.9,68.0,1,0,0,3
2026-06-21T12:29:28.654292,29.0,68.0,1,0,0,5
2026-06-21T12:29:32.665947,29.3,68.0,1,0,0,5
2026-06-21T12:29:32.665947,29.0,69.0,1,0,0,8
2026-06-21T12:29:36.675382,29.6,68.0,1,0,0,0
2026-06-21T12:29:36.677364,29.1,68.0,0,0,0,0
2026-06-21T12:29:38.680603,29.6,68.0,1,0,0,0
2026-06-21T12:29:40.685011,29.8,68.0,1,0,0,3
2026-06-21T12:29:42.689462,29.6,68.0,1,0,0,5
2026-06-21T12:29:44.694988,29.0,68.0,1,0,0,7
2026-06-21T12:29:46.701775,29.4,68.0,0,0,0,0
2026-06-21T12:29:50.710539,29.0,68.0,1,0,0,0
2026-06-21T12:29:50.712536,29.2,68.0,1,0,0,3
2026-06-21T12:29:54.722760,29.9,68.0,1,0,0,5
2026-06-21T12:29:54.724765,29.0,68.0,1,0,0,7
2026-06-21T12:29:56.729360,29.8,68.0,1,0,0,9
2026-06-21T12:29:58.733747,29.3,68.0,0,0,0,0
2026-06-21T12:30:02.744131,29.2,69.0,1,0,0,0
2026-06-21T12:30:02.744131,29.0,68.0,1,0,0,3
2026-06-21T12:30:04.750101,29.3,68.0,0,0,0,0
2026-06-21T12:30:08.750735,29.1,68.0,1,0,0,0
2026-06-21T12:30:08.759762,29.7,68.0,1,0,0,0
2026-06-21T12:30:10.765720,29.8,68.0,1,0,0,0
2026-06-21T12:30:12.770792,29.6,68.0,1,0,0,3
2026-06-21T12:30:14.773958,29.0,68.0,1,0,0,5
2026-06-21T12:30:16.780706,29.3,68.0,1,0,0,8
2026-06-21T12:30:18.784896,29.0,69.0,1,0,0,10
2026-06-21T12:30:20.789856,29.5,68.0,1,0,0,10
2026-06-21T12:30:24.801952,29.6,68.0,1,0,0,13
2026-06-21T12:30:24.802949,29.9,68.0,1,0,0,15
2026-06-21T12:30:28.811064,29.0,68.0,1,0,0,17
2026-06-21T12:30:28.812075,29.2,68.0,1,0,0,20
2026-06-21T12:30:30.816320,29.0,68.0,0,0,0,0
2026-06-21T12:30:32.822083,29.3,68.0,1,0,0,0
2026-06-21T12:30:34.825973,29.2,68.0,1,0,0,2
2026-06-21T12:30:36.831997,29.0,68.0,0,0,0,0
2026-06-21T12:30:38.836738,29.2,68.0,1,0,0,0
2026-06-21T12:30:40.842179,29.0,68.0,1,0,0,0
2026-06-21T12:30:42.847674,29.3,68.0,0,0,0,0
2026-06-21T12:30:44.851750,29.1,68.0,1,0,0,0
2026-06-21T12:30:46.856691,29.8,68.0,1,0,0,0
2026-06-21T12:30:48.857268,29.7,68.0,1,0,0,2
2026-06-21T12:30:50.866426,29.8,68.0,0,0,0,0
2026-06-21T12:30:52.872268,29.6,68.0,1,0,0,0
2026-06-21T12:30:54.877251,29.1,68.0,1,0,0,2
2026-06-21T12:30:56.882335,29.7,68.0,1,0,0,0
2026-06-21T12:30:58.886393,29.9,68.0,0,0,0,0
2026-06-21T12:31:02.896154,29.9,68.0,0,0,0,0
2026-06-21T12:31:02.897167,29.1,68.0,0,0,0,0
2026-06-21T12:31:04.901809,29.6,68.0,1,0,0,0
2026-06-21T12:31:06.907072,29.0,68.0,1,0,0,2
2026-06-21T12:31:08.912530,29.2,68.0,1,0,0,4
2026-06-21T12:31:10.907734,29.9,68.0,1,0,0,7
2026-06-21T12:31:12.922142,29.0,68.0,1,0,0,9
2026-06-21T12:31:14.927015,29.4,68.0,0,0,0,0
2026-06-21T12:31:18.938157,29.2,68.0,1,0,0,0
2026-06-21T12:31:18.940149,29.0,68.0,1,0,0,0
2026-06-21T12:31:20.941707,29.1,68.0,1,0,0,0
2026-06-21T12:31:22.948831,29.7,68.0,1,0,0,0
2026-06-21T12:31:24.952682,29.1,68.0,1,0,0,0
2026-06-21T12:31:26.956862,29.4,68.0,1,0,0,0
2026-06-21T12:31:30.967398,29.2,68.0,1,0,0,2
2026-06-21T12:31:30.968766,29.9,69.0,1,0,0,4
2026-06-21T12:31:32.972986,29.5,68.0,1,0,0,6
2026-06-21T12:31:34.977815,29.6,68.0,1,0,0,7
2026-06-21T12:31:36.981748,29.0,68.0,0,0,0,0
2026-06-21T12:31:40.992572,29.3,68.0,0,0,0,0
2026-06-21T12:31:40.992572,29.2,68.0,1,0,0,0
2026-06-21T12:31:42.997645,29.0,68.0,1,0,0,2
2026-06-21T12:31:45.003597,29.4,68.0,1,0,0,3
2026-06-21T12:31:47.007622,29.2,68.0,1,0,0,5
2026-06-21T12:31:49.011746,29.1,68.0,1,0,0,0
2026-06-21T12:31:51.005951,29.2,68.0,0,0,0,0
2026-06-21T12:31:53.023007,29.6,68.0,0,0,0,0
2026-06-21T12:31:55.027108,29.0,68.0,1,0,0,0
2026-06-21T12:31:59.037230,29.4,69.0,1,0,0,3
2026-06-21T12:31:59.038878,29.6,68.0,1,0,0,5
2026-06-21T12:32:01.041842,29.1,68.0,1,0,0,7
2026-06-21T12:32:03.039529,29.8,68.0,1,0,0,9
2026-06-21T12:32:07.057705,29.6,68.0,0,0,0,0
2026-06-21T12:32:07.058704,29.0,68.0,1,0,0,0
2026-06-21T12:32:09.062464,29.5,68.0,1,0,0,3
2026-06-21T12:32:11.067728,29.7,68.0,1,0,0,5
2026-06-21T12:32:15.077470,29.0,68.0,1,0,0,7
2026-06-21T12:32:15.078477,29.5,68.0,1,0,0,9
2026-06-21T12:32:17.082965,29.4,68.0,1,0,0,11
2026-06-21T12:32:19.087288,29.5,68.0,1,0,0,12
2026-06-21T12:32:21.093529,29.8,68.0,1,0,0,14
2026-06-21T12:32:23.097752,29.8,68.0,0,0,0,0
2026-06-21T12:32:27.108268,29.8,68.0,1,0,0,0
2026-06-21T12:32:27.110273,29.5,68.0,1,0,0,0
2026-06-21T12:32:29.114006,29.4,68.0,1,0,0,3
2026-06-21T12:32:33.125222,29.4,68.0,1,0,0,0
2026-06-21T12:32:33.126220,29.5,68.0,1,0,0,0
2026-06-21T12:32:35.130463,29.3,68.0,0,0,0,0
2026-06-21T12:32:37.135658,29.4,68.0,1,0,0,0
2026-06-21T12:32:41.144617,29.3,68.0,0,0,0,0
2026-06-21T12:32:41.144617,29.3,68.0,1,0,0,0
2026-06-21T12:32:43.152539,29.3,68.0,1,0,0,2
2026-06-21T12:32:47.163140,29.2,68.0,1,0,0,4
2026-06-21T12:32:47.164138,29.1,68.0,1,0,0,7
2026-06-21T12:32:49.167625,29.7,68.0,0,0,0,0
2026-06-21T12:32:51.174531,29.0,68.0,1,0,0,0
2026-06-21T12:32:53.180826,29.9,68.0,1,0,0,0
2026-06-21T12:32:57.189508,29.6,68.0,1,0,0,2
2026-06-21T12:32:57.191510,29.0,68.0,1,0,0,0
2026-06-21T12:32:59.194147,29.4,68.0,1,0,0,2
2026-06-21T12:33:01.202590,29.3,68.0,1,0,0,4
2026-06-21T12:33:03.202387,29.8,68.0,1,0,0,5
2026-06-21T12:33:05.211982,29.7,68.0,1,0,0,7
2026-06-21T12:33:07.215968,29.9,68.0,1,0,0,9
2026-06-21T12:33:09.220736,29.0,68.0,1,0,0,0
2026-06-21T12:33:11.226811,29.3,68.0,1,0,0,2
2026-06-21T12:33:15.237880,29.1,68.0,1,0,0,4
2026-06-21T12:33:15.238894,29.7,68.0,1,0,0,6
2026-06-21T12:33:17.243433,29.8,68.0,1,0,0,7
2026-06-21T12:33:21.252828,29.3,68.0,1,0,0,9
2026-06-21T12:33:21.253828,29.6,68.0,1,0,0,12
2026-06-21T12:33:23.257900,29.0,68.0,0,0,0,0
2026-06-21T12:33:25.263392,29.4,68.0,0,0,0,0
2026-06-21T12:33:27.267850,29.3,68.0,1,0,0,0
2026-06-21T12:33:29.272445,29.9,68.0,1,0,0,2
2026-06-21T12:33:31.278588,29.5,68.0,1,0,0,3
2026-06-21T12:33:33.283539,29.8,68.0,1,0,0,5
2026-06-21T12:33:35.287994,29.8,68.0,1,0,0,7
2026-06-21T12:33:39.299679,29.7,68.0,1,0,0,0
2026-06-21T12:33:39.300682,29.4,68.0,1,0,0,0
2026-06-21T12:33:41.303005,29.9,68.0,1,0,0,3
2026-06-21T12:33:43.308180,29.3,68.0,1,0,0,0
2026-06-21T12:33:45.312951,29.0,68.0,1,0,0,0
2026-06-21T12:33:47.318275,29.3,68.0,1,0,0,0
2026-06-21T12:33:51.328292,29.4,68.0,1,0,0,2
2026-06-21T12:33:51.329309,29.2,68.0,1,0,0,5
2026-06-21T12:33:55.338074,29.1,68.0,1,0,0,7
2026-06-21T12:33:55.339085,29.5,68.0,1,0,0,7
2026-06-21T12:33:57.341572,29.4,68.0,1,0,0,10
2026-06-21T12:34:01.354077,29.2,68.0,1,0,0,12
2026-06-21T12:34:01.356074,29.1,68.0,1,0,0,14
2026-06-21T12:34:03.358151,29.6,68.0,1,0,0,17
2026-06-21T12:34:05.363344,29.7,68.0,1,0,0,19
2026-06-21T12:34:09.373413,29.0,68.0,1,0,0,19
2026-06-21T12:34:09.374413,29.1,68.0,1,0,0,22
2026-06-21T12:34:11.378122,29.7,68.0,1,0,0,24
2026-06-21T12:34:13.385101,29.9,68.0,1,0,0,26
2026-06-21T12:34:15.388883,29.9,68.0,1,0,0,29
2026-06-21T12:34:17.391047,29.2,68.0,1,0,0,31
2026-06-21T12:34:21.403847,29.0,68.0,1,0,0,31
2026-06-21T12:34:21.405853,29.3,68.0,1,0,0,34
2026-06-21T12:34:23.406697,29.1,68.0,1,0,0,36
2026-06-21T12:34:25.413616,29.3,68.0,1,0,0,0
2026-06-21T12:34:27.413452,29.3,68.0,0,0,0,0
2026-06-21T12:34:31.429540,29.3,68.0,1,0,0,0
2026-06-21T12:34:31.430517,29.2,68.0,0,0,0,0
2026-06-21T12:34:33.433656,29.1,68.0,1,0,0,0
2026-06-21T12:34:35.439240,29.3,68.0,1,0,0,2
2026-06-21T12:34:39.448325,29.2,68.0,1,0,0,4
2026-06-21T12:34:39.449375,29.1,68.0,1,0,0,5
2026-06-21T12:34:41.454489,29.3,68.0,0,0,0,0
2026-06-21T12:34:43.459480,29.6,68.0,0,0,0,0
2026-06-21T12:34:45.464236,29.9,68.0,1,0,0,0
2026-06-21T12:34:47.468958,29.1,68.0,1,0,0,2
2026-06-21T12:34:51.479113,29.7,68.0,0,0,0,0
2026-06-21T12:34:51.480096,29.9,68.0,1,0,0,0
2026-06-21T12:34:53.483356,29.1,68.0,0,0,0,0
2026-06-21T12:34:57.495015,29.8,68.0,0,0,0,0
2026-06-21T12:34:57.496011,29.7,68.0,1,0,0,0
2026-06-21T12:35:01.504807,29.6,68.0,1,0,0,2
2026-06-21T12:35:01.505805,29.0,68.0,0,0,0,0
2026-06-21T12:35:05.513539,29.4,68.0,1,0,0,0
2026-06-21T12:35:05.515577,29.2,68.0,1,0,0,2
2026-06-21T12:35:07.518698,29.0,68.0,0,0,0,0
2026-06-21T12:35:09.524520,29.3,68.0,1,0,0,0
2026-06-21T12:35:11.528630,29.1,68.0,1,0,0,2
2026-06-21T12:35:13.534209,29.6,68.0,0,0,0,0
2026-06-21T12:35:15.539624,29.0,68.0,0,0,0,0
2026-06-21T12:35:17.545390,29.9,68.0,1,0,0,0
2026-06-21T12:35:19.549020,29.7,68.0,1,0,0,0
2026-06-21T12:35:23.560887,29.8,68.0,1,0,0,3
2026-06-21T12:35:23.560887,29.5,68.0,1,0,0,5
2026-06-21T12:35:25.564303,29.6,68.0,1,0,0,8
2026-06-21T12:35:29.575406,29.0,68.0,1,0,0,10
2026-06-21T12:35:29.576412,29.3,68.0,1,0,0,12
2026-06-21T12:35:31.581733,29.0,68.0,1,0,0,12
2026-06-21T12:35:33.586235,29.3,68.0,1,0,0,0
2026-06-21T12:35:37.597022,29.1,68.0,1,0,0,0
2026-06-21T12:35:37.599040,29.4,68.0,1,0,0,2
2026-06-21T12:35:39.603000,29.6,68.0,1,0,0,4
2026-06-21T12:35:41.609809,29.1,68.0,0,0,0,0
2026-06-21T12:35:43.614128,29.7,68.0,0,0,0,0
2026-06-21T12:35:47.624894,29.7,68.0,1,0,0,0
2026-06-21T12:35:47.625898,29.8,68.0,0,0,0,0
2026-06-21T12:35:49.630570,29.7,68.0,0,0,0,0
2026-06-21T12:35:51.637302,29.4,68.0,1,0,0,0
2026-06-21T12:35:55.644916,29.2,68.0,1,0,0,2
2026-06-21T12:35:55.646438,29.1,68.0,1,0,0,5
2026-06-21T12:35:57.651199,29.8,68.0,0,0,0,0
2026-06-21T12:35:59.658243,29.2,68.0,1,0,0,0
2026-06-21T12:36:03.666525,29.5,68.0,1,0,0,0
2026-06-21T12:36:03.667525,29.6,68.0,1,0,0,0
2026-06-21T12:36:05.673441,29.9,68.0,1,0,0,2
2026-06-21T12:36:07.677567,29.0,68.0,1,0,0,0
2026-06-21T12:36:09.682603,29.2,68.0,1,0,0,0
2026-06-21T12:36:13.693097,29.0,68.0,0,0,0,0
2026-06-21T12:36:13.693097,29.2,68.0,1,0,0,0
2026-06-21T12:36:17.692977,29.0,68.0,1,0,0,2
2026-06-21T12:36:17.692977,29.3,68.0,1,0,0,0
2026-06-21T12:36:21.709001,29.0,68.0,0,0,0,0
2026-06-21T12:36:21.709001,29.4,68.0,1,0,0,0
2026-06-21T12:36:25.722928,29.2,68.0,1,0,0,0
2026-06-21T12:36:25.723919,29.0,68.0,0,0,0,0
2026-06-21T12:36:29.734675,29.0,68.0,0,0,0,0
2026-06-21T12:36:29.734675,29.3,68.0,1,0,0,0
2026-06-21T12:36:31.738941,29.1,68.0,1,0,0,3
2026-06-21T12:36:33.743450,29.8,68.0,1,0,0,5
2026-06-21T12:36:37.754147,29.3,68.0,0,0,0,0
2026-06-21T12:36:37.755139,29.7,68.0,0,0,0,0
2026-06-21T12:36:39.758190,29.8,68.0,0,0,0,0
2026-06-21T12:36:41.758109,29.6,69.0,1,0,0,0
2026-06-21T12:36:43.769109,29.8,68.0,1,0,0,2
2026-06-21T12:36:45.774283,29.7,69.0,1,0,0,4
2026-06-21T12:36:49.784750,29.3,68.0,1,0,0,5
2026-06-21T12:36:49.785867,29.3,68.0,1,0,0,7
2026-06-21T12:36:53.793031,29.0,68.0,1,0,0,9
2026-06-21T12:36:53.794023,29.2,68.0,0,0,0,0
2026-06-21T12:36:55.798219,29.0,69.0,0,0,0,0
2026-06-21T12:36:57.791681,29.5,68.0,1,0,0,0
2026-06-21T12:36:59.809465,29.6,69.0,1,0,0,2
2026-06-21T12:37:01.806666,29.3,69.0,1,0,0,4
2026-06-21T12:37:05.824238,29.3,69.0,1,0,0,5
2026-06-21T12:37:05.826373,29.8,68.0,1,0,0,7
2026-06-21T12:37:07.829543,29.5,69.0,1,0,0,10
2026-06-21T12:37:11.841552,29.1,68.0,1,0,0,12
2026-06-21T12:37:11.842555,29.2,68.0,1,0,0,14
2026-06-21T12:37:15.853027,29.5,69.0,0,0,0,0
2026-06-21T12:37:15.853993,29.3,69.0,0,0,0,0
2026-06-21T12:37:19.858257,29.6,69.0,1,0,0,0
2026-06-21T12:37:19.858257,29.7,69.0,1,0,0,2
2026-06-21T12:37:21.868909,29.5,69.0,1,0,0,4
2026-06-21T12:37:23.872526,29.1,69.0,1,0,0,5
2026-06-21T12:37:25.880591,29.1,69.0,0,0,0,0
2026-06-21T12:37:27.885069,29.7,69.0,1,0,0,0
2026-06-21T12:37:29.891711,29.8,69.0,1,0,0,2
2026-06-21T12:37:31.890220,29.9,69.0,1,0,0,4
2026-06-21T12:37:33.904825,29.5,69.0,1,0,0,6
2026-06-21T12:37:35.905763,29.2,69.0,1,0,0,7
2026-06-21T12:37:37.912644,29.7,69.0,0,0,0,0
2026-06-21T12:37:39.919190,29.8,69.0,0,0,0,0
2026-06-21T12:37:43.930935,29.9,69.0,0,0,0,0
2026-06-21T12:37:43.931555,29.8,69.0,1,0,0,0
2026-06-21T12:37:47.939450,29.8,69.0,1,0,0,2
2026-06-21T12:37:47.939450,29.5,69.0,1,0,0,2
2026-06-21T12:37:49.945597,29.7,69.0,1,0,0,5
2026-06-21T12:37:51.950418,29.4,69.0,0,0,0,0
2026-06-21T12:37:53.955620,29.6,69.0,0,0,0,0
2026-06-21T12:37:57.966327,29.5,69.0,1,0,0,0
2026-06-21T12:37:57.967298,29.3,69.0,1,0,0,0
2026-06-21T12:37:59.971014,29.5,69.0,1,0,0,3
2026-06-21T12:38:01.975292,29.3,69.0,0,0,0,0
2026-06-21T12:38:03.982089,29.6,69.0,1,0,0,0
2026-06-21T12:38:07.990969,29.5,69.0,0,0,0,0
2026-06-21T12:38:07.991982,29.2,69.0,1,0,0,0
2026-06-21T12:38:12.000248,29.0,69.0,1,0,0,0
2026-06-21T12:38:12.002256,29.4,69.0,0,0,0,0
2026-06-21T12:38:14.007181,29.2,69.0,1,0,0,0
2026-06-21T12:38:16.011676,29.5,69.0,1,0,0,2
2026-06-21T12:38:18.017517,29.2,69.0,0,0,0,0
2026-06-21T12:38:20.022898,29.0,69.0,1,0,0,0
2026-06-21T12:38:22.026259,29.5,69.0,1,0,0,0
2026-06-21T12:38:24.031117,29.1,69.0,1,0,0,3
2026-06-21T12:38:28.042719,29.2,69.0,1,0,0,5
2026-06-21T12:38:28.044273,29.0,69.0,1,0,0,7
2026-06-21T12:38:30.047623,29.5,69.0,1,0,0,10
2026-06-21T12:38:32.052240,29.1,69.0,1,0,0,12
2026-06-21T12:38:36.063332,29.2,69.0,0,0,0,0
2026-06-21T12:38:36.064329,29.0,69.0,1,0,0,0
2026-06-21T12:38:38.060341,29.6,69.0,0,0,0,0
2026-06-21T12:38:40.072721,29.6,69.0,0,0,0,0
2026-06-21T12:38:42.073781,29.6,69.0,0,0,0,0
2026-06-21T12:38:46.087643,29.8,69.0,0,0,0,0
2026-06-21T12:38:46.088646,29.9,69.0,1,0,0,0
2026-06-21T12:38:48.092389,29.7,69.0,1,0,0,2
2026-06-21T12:38:50.093867,29.0,69.0,1,0,0,3
2026-06-21T12:38:52.103269,29.5,69.0,1,0,0,5
2026-06-21T12:38:56.113493,29.0,69.0,1,0,0,0
2026-06-21T12:38:56.115491,29.5,69.0,1,0,0,2
2026-06-21T12:38:58.118719,29.1,69.0,1,0,0,5
2026-06-21T12:39:00.123788,29.3,69.0,1,0,0,7
2026-06-21T12:39:02.129639,29.7,69.0,1,0,0,7
2026-06-21T12:39:06.139103,29.3,69.0,1,0,0,10
2026-06-21T12:39:06.140100,29.8,69.0,0,0,0,0
2026-06-21T12:39:08.143704,29.8,69.0,0,0,0,0
2026-06-21T12:39:10.147995,29.0,69.0,1,0,0,0
2026-06-21T12:39:12.153176,29.4,69.0,1,0,0,0
2026-06-21T12:39:14.158516,29.6,69.0,1,0,0,0
2026-06-21T12:39:16.163956,29.6,69.0,0,0,0,0
2026-06-21T12:39:18.168057,29.8,69.0,1,0,0,0
2026-06-21T12:39:20.165391,29.1,69.0,1,0,0,2
2026-06-21T12:39:22.178180,29.3,69.0,1,0,0,5
2026-06-21T12:39:26.188577,29.6,69.0,0,0,0,0
2026-06-21T12:39:26.189806,29.5,69.0,1,0,0,0
2026-06-21T12:39:28.195471,29.6,69.0,1,0,0,0
2026-06-21T12:39:32.192580,29.6,69.0,1,0,0,2
2026-06-21T12:39:32.192580,29.7,69.0,1,0,0,4
2026-06-21T12:39:34.211680,29.2,69.0,1,0,0,5
2026-06-21T12:39:36.218070,29.9,69.0,1,0,0,7
2026-06-21T12:39:38.223005,29.6,69.0,1,0,0,9
2026-06-21T12:39:40.228214,29.6,69.0,1,0,0,12
2026-06-21T12:39:42.233866,29.8,69.0,1,0,0,14
2026-06-21T12:39:46.244992,29.8,69.0,1,0,0,16
2026-06-21T12:39:46.246009,29.8,69.0,1,0,0,17
2026-06-21T12:39:48.250127,29.9,69.0,0,0,0,0
2026-06-21T12:39:50.254937,29.6,69.0,0,0,0,0
2026-06-21T12:39:52.257095,29.9,69.0,0,0,0,0
2026-06-21T12:39:54.265881,29.3,69.0,1,0,0,0
2026-06-21T12:39:56.271182,29.8,69.0,1,0,0,0
2026-06-21T12:39:58.275943,29.8,69.0,1,0,0,0
2026-06-21T12:40:00.281454,29.9,69.0,1,0,0,3
2026-06-21T12:40:02.285735,29.8,69.0,0,0,0,0
2026-06-21T12:40:04.292584,29.8,69.0,1,0,0,0
2026-06-21T12:40:06.296944,29.8,69.0,1,0,0,3
2026-06-21T12:40:08.300929,29.7,69.0,1,0,0,5
2026-06-21T12:40:12.312375,29.9,69.0,1,0,0,7
2026-06-21T12:40:12.313389,29.7,69.0,1,0,0,9
2026-06-21T12:40:14.313398,29.3,69.0,1,0,0,10
2026-06-21T12:40:16.322176,29.1,69.0,0,0,0,0
2026-06-21T12:40:20.332461,29.3,69.0,0,0,0,0
2026-06-21T12:40:20.333469,29.8,69.0,1,0,0,0
2026-06-21T12:40:24.343640,29.8,69.0,1,0,0,0
2026-06-21T12:40:24.344618,29.9,69.0,1,0,0,2
2026-06-21T12:40:26.347463,29.6,69.0,1,0,0,2
2026-06-21T12:40:28.341032,29.6,69.0,1,0,0,5
2026-06-21T12:40:30.357238,29.7,69.0,1,0,0,7
2026-06-21T12:40:32.364539,29.5,69.0,1,0,0,10
2026-06-21T12:40:34.368553,29.6,69.0,1,0,0,12
2026-06-21T12:40:36.374391,29.4,69.0,0,0,0,0
2026-06-21T12:40:38.379561,29.4,69.0,1,0,0,0
2026-06-21T12:40:40.384437,29.6,69.0,1,0,0,3
2026-06-21T12:40:42.390556,29.7,69.0,0,0,0,0
2026-06-21T12:40:44.395627,29.9,69.0,1,0,0,0
2026-06-21T12:40:46.401312,29.0,69.0,0,0,0,0
2026-06-21T12:40:48.407112,29.6,69.0,0,0,0,0
2026-06-21T12:40:50.411773,29.5,69.0,0,0,0,0
2026-06-21T12:40:52.417850,29.1,69.0,1,0,0,0
2026-06-21T12:40:54.421039,29.4,69.0,1,0,0,2
2026-06-21T12:40:58.432570,29.4,69.0,1,0,0,3
2026-06-21T12:40:58.433561,29.6,69.0,1,0,0,5
2026-06-21T12:41:00.437424,29.8,69.0,1,0,0,7
2026-06-21T12:41:02.443033,29.8,69.0,1,0,0,10
2026-06-21T12:41:04.446910,29.0,69.0,1,0,0,12
2026-06-21T12:41:08.458773,29.5,69.0,1,0,0,14
2026-06-21T12:41:08.459770,29.1,69.0,1,0,0,16
2026-06-21T12:41:10.461662,29.8,69.0,1,0,0,17
2026-06-21T12:41:12.458797,29.5,69.0,0,0,0,0
2026-06-21T12:41:14.467911,29.1,69.0,0,0,0,0
2026-06-21T12:41:16.478463,29.2,69.0,1,0,0,0
2026-06-21T12:41:18.483796,29.1,69.0,0,0,0,0
2026-06-21T12:41:20.488684,29.9,69.0,1,0,0,0
2026-06-21T12:41:22.495256,29.0,69.0,1,0,0,2
2026-06-21T12:41:24.500315,29.7,69.0,0,0,0,0
2026-06-21T12:41:26.506707,29.2,69.0,1,0,0,0
2026-06-21T12:41:30.514128,29.1,69.0,1,0,0,2
2026-06-21T12:41:30.514128,29.3,69.0,1,0,0,5
2026-06-21T12:41:32.524225,29.6,69.0,1,0,0,0
2026-06-21T12:41:34.529900,29.9,69.0,1,0,0,0
2026-06-21T12:41:36.534147,29.1,69.0,1,0,0,3
2026-06-21T12:41:38.538302,29.7,69.0,1,0,0,5
2026-06-21T12:41:40.544096,29.5,69.0,0,0,0,0
2026-06-21T12:41:42.543653,29.0,69.0,0,0,0,0
2026-06-21T12:41:44.557396,29.7,69.0,1,0,0,0
2026-06-21T12:41:46.561365,29.8,69.0,1,0,0,2
2026-06-21T12:41:48.566591,29.3,69.0,1,0,0,3
2026-06-21T12:41:50.570335,29.7,69.0,1,0,0,5
2026-06-21T12:41:52.576658,29.2,69.0,1,0,0,0
2026-06-21T12:41:54.581426,29.1,69.0,1,0,0,2
2026-06-21T12:41:56.587084,29.1,69.0,1,0,0,5
2026-06-21T12:41:58.591401,29.0,69.0,0,0,0,0
2026-06-21T12:42:00.596571,29.7,69.0,0,0,0,0
2026-06-21T12:42:02.600405,29.5,69.0,1,0,0,0
2026-06-21T12:42:04.606869,29.1,69.0,1,0,0,2
2026-06-21T12:42:06.612850,29.3,69.0,1,0,0,4
2026-06-21T12:42:08.617241,29.8,69.0,1,0,0,5
2026-06-21T12:42:10.622608,29.1,69.0,1,0,0,7
2026-06-21T12:42:12.627739,29.2,69.0,1,0,0,0
2026-06-21T12:42:14.632277,29.7,69.0,0,0,0,0
2026-06-21T12:42:16.636711,29.5,69.0,1,0,0,0
2026-06-21T12:42:18.642815,29.1,69.0,1,0,0,3
2026-06-21T12:42:20.648204,29.3,69.0,1,0,0,5
2026-06-21T12:42:22.650082,29.4,69.0,1,0,0,7
2026-06-21T12:42:24.656785,29.0,69.0,1,0,0,8
2026-06-21T12:42:26.662558,29.7,69.0,1,0,0,10
2026-06-21T12:42:28.668126,29.3,69.0,1,0,0,0
2026-06-21T12:42:30.673381,29.6,69.0,1,0,0,0
2026-06-21T12:42:32.678159,29.8,69.0,1,0,0,2
2026-06-21T12:42:34.683871,29.9,69.0,1,0,0,4
2026-06-21T12:42:36.689196,29.6,69.0,1,0,0,5
2026-06-21T12:42:40.698848,29.7,69.0,1,0,0,7
2026-06-21T12:42:40.700843,29.5,69.0,1,0,0,10
2026-06-21T12:42:42.698359,29.2,69.0,1,0,0,12
2026-06-21T12:42:44.708591,29.1,69.0,0,0,0,0
2026-06-21T12:42:46.712657,29.3,69.0,0,0,0,0
2026-06-21T12:42:50.720203,29.6,69.0,0,0,0,0
2026-06-21T12:42:50.720203,29.6,69.0,1,0,0,0
2026-06-21T12:42:52.728914,29.9,69.0,1,0,0,2
2026-06-21T12:42:54.733903,29.4,69.0,0,0,0,0
2026-06-21T12:42:56.740196,29.6,69.0,1,0,0,0
2026-06-21T12:42:58.740733,29.3,69.0,1,0,0,2
2026-06-21T12:43:00.752228,29.2,69.0,1,0,0,0
2026-06-21T12:43:04.756118,29.0,69.0,0,0,0,0
2026-06-21T12:43:04.756118,29.6,69.0,1,0,0,0
2026-06-21T12:43:06.767792,29.7,69.0,1,0,0,3
2026-06-21T12:43:08.771201,29.4,69.0,1,0,0,5
2026-06-21T12:43:10.777800,29.6,69.0,0,0,0,0
2026-06-21T12:43:12.783464,29.8,69.0,1,0,0,0
2026-06-21T12:43:14.791017,29.0,69.0,1,0,0,0
2026-06-21T12:43:16.796357,29.4,69.0,0,0,0,0
2026-06-21T12:43:18.789934,29.6,69.0,1,0,0,0
2026-06-21T12:43:22.806156,29.8,69.0,1,0,0,0
2026-06-21T12:43:22.812439,29.9,69.0,1,0,0,3
2026-06-21T12:43:26.823766,29.7,69.0,1,0,0,5
2026-06-21T12:43:26.824757,29.3,69.0,1,0,0,7
2026-06-21T12:43:28.826927,29.9,69.0,1,0,0,10
2026-06-21T12:43:30.832826,29.5,69.0,1,0,0,12
2026-06-21T12:43:32.840026,29.3,69.0,1,0,0,12
2026-06-21T12:43:36.839257,29.7,69.0,1,0,0,14
2026-06-21T12:43:36.854475,29.3,69.0,0,0,0,0
2026-06-21T12:43:38.857179,29.8,69.0,0,0,0,0
2026-06-21T12:43:40.862063,29.0,69.0,0,0,0,0
2026-06-21T12:43:42.868526,29.5,69.0,1,0,0,0
2026-06-21T12:43:46.881252,29.1,69.0,1,0,0,2
2026-06-21T12:43:46.882427,29.1,69.0,0,0,0,0
2026-06-21T12:43:48.884859,29.1,69.0,0,0,0,0
2026-06-21T12:43:50.889625,29.2,69.0,0,0,0,0
2026-06-21T12:43:52.895208,29.9,69.0,0,0,0,0
2026-06-21T12:43:56.907362,29.5,69.0,0,0,0,0
2026-06-21T12:43:56.908358,29.2,69.0,1,0,0,0
2026-06-21T12:43:58.903353,29.2,69.0,1,0,0,2
2026-06-21T12:44:00.916755,29.1,69.0,1,0,0,5
2026-06-21T12:44:02.923496,29.4,69.0,1,0,0,0
2026-06-21T12:44:04.927414,29.4,69.0,1,0,0,2
2026-06-21T12:44:06.932578,29.0,69.0,1,0,0,2
2026-06-21T12:44:08.938821,29.6,69.0,1,0,0,0
2026-06-21T12:44:10.944174,29.7,69.0,1,0,0,2
2026-06-21T12:44:12.948048,29.2,69.0,1,0,0,2
2026-06-21T12:44:14.954456,29.2,69.0,1,0,0,0
2026-06-21T12:44:16.959113,29.5,69.0,1,0,0,2
2026-06-21T12:44:18.965496,29.5,69.0,1,0,0,0
2026-06-21T12:44:20.970103,29.3,69.0,1,0,0,0
2026-06-21T12:44:24.984194,29.4,69.0,0,0,0,0
2026-06-21T12:44:28.993542,29.7,69.0,0,0,0,0
2026-06-21T12:44:28.993542,29.4,69.0,1,0,0,0
2026-06-21T12:44:31.000741,29.4,69.0,1,0,0,0
2026-06-21T12:44:33.005880,29.7,69.0,1,0,0,0
2026-06-21T12:44:35.008325,29.3,69.0,1,0,0,0
2026-06-21T12:44:37.015899,29.7,69.0,1,0,0,0
2026-06-21T12:44:39.020331,29.5,69.0,0,0,0,0
2026-06-21T12:44:41.027528,29.3,69.0,0,0,0,0
2026-06-21T12:44:43.032467,29.8,69.0,0,0,0,0
2026-06-21T12:44:45.036950,29.9,69.0,1,0,0,0
2026-06-21T12:44:49.042756,29.3,69.0,1,0,0,0
2026-06-21T12:44:49.042756,29.8,69.0,1,0,0,3
2026-06-21T12:44:51.052014,29.0,69.0,1,0,0,0
2026-06-21T12:44:53.042104,29.5,69.0,0,0,0,0
2026-06-21T12:44:55.062904,29.1,69.0,1,0,0,0
2026-06-21T12:44:59.072713,29.2,69.0,1,0,0,2
2026-06-21T12:44:59.073707,29.1,69.0,1,0,0,5
2026-06-21T12:45:01.077439,29.4,69.0,1,0,0,7
2026-06-21T12:45:05.088489,29.4,69.0,1,0,0,9
2026-06-21T12:45:05.089497,29.4,69.0,1,0,0,10
2026-06-21T12:45:07.092073,29.5,69.0,1,0,0,12
2026-06-21T12:45:09.098455,29.4,69.0,1,0,0,0
2026-06-21T12:45:11.091868,29.7,69.0,1,0,0,2
2026-06-21T12:45:13.107604,29.5,69.0,1,0,0,2
2026-06-21T12:45:15.113279,29.3,69.0,1,0,0,0
2026-06-21T12:45:17.107470,29.7,69.0,1,0,0,2
2026-06-21T12:45:19.124351,29.6,69.0,0,0,0,0
2026-06-21T12:45:23.134841,29.7,69.0,1,0,0,0
2026-06-21T12:45:23.135847,29.4,69.0,1,0,0,2
2026-06-21T12:45:27.141163,29.8,69.0,0,0,0,0
2026-06-21T12:45:27.141163,29.2,69.0,1,0,0,0
2026-06-21T12:45:29.149679,29.1,69.0,1,0,0,0
2026-06-21T12:45:33.162363,29.3,69.0,0,0,0,0
2026-06-21T12:45:33.163366,29.0,69.0,1,0,0,0
2026-06-21T12:45:35.167975,29.7,69.0,1,0,0,3
2026-06-21T12:45:37.171518,29.2,69.0,0,0,0,0
2026-06-21T12:45:41.183343,29.2,69.0,0,0,0,0
2026-06-21T12:45:41.184342,29.7,69.0,0,0,0,0
2026-06-21T12:45:45.195538,29.2,69.0,0,0,0,0
2026-06-21T12:45:45.196545,29.1,69.0,0,0,0,0
2026-06-21T12:45:47.198521,29.2,68.0,0,0,0,0
2026-06-21T12:45:49.198764,29.0,69.0,0,0,0,0
2026-06-21T12:45:53.214686,29.0,68.0,0,0,0,0
2026-06-21T12:45:53.216706,29.9,68.0,0,0,0,0
2026-06-21T12:45:55.205942,29.1,68.0,1,0,0,0
2026-06-21T12:45:59.230563,29.9,68.0,0,0,0,0
2026-06-21T12:46:01.237758,29.8,68.0,0,0,0,0
2026-06-21T12:46:03.242828,29.9,68.0,1,0,0,0
2026-06-21T12:46:05.239612,29.1,68.0,0,0,0,0
2026-06-21T12:46:07.252884,29.8,68.0,1,0,0,0
2026-06-21T12:46:09.256669,29.8,68.0,0,0,0,0
2026-06-21T12:46:11.264484,29.7,68.0,0,0,0,0
2026-06-21T12:46:13.269116,29.0,68.0,0,0,0,0
2026-06-21T12:46:15.274103,29.1,68.0,0,0,0,0
2026-06-21T12:46:17.280303,29.3,68.0,0,0,0,0
2026-06-21T12:46:19.285273,29.5,68.0,0,0,0,0
2026-06-21T12:46:21.289673,29.8,68.0,0,0,0,0
2026-06-21T12:46:23.296626,29.9,68.0,0,0,0,0
2026-06-21T12:46:25.288922,29.3,68.0,0,0,0,0
2026-06-21T12:46:27.305696,29.4,68.0,0,0,0,0
2026-06-21T12:46:29.310761,29.5,68.0,0,0,0,0
2026-06-21T12:46:31.304117,29.7,68.0,0,0,0,0
2026-06-21T12:46:35.321019,29.8,68.0,0,0,0,0
2026-06-21T12:46:35.321019,29.9,68.0,0,0,0,0
2026-06-21T12:46:39.337683,29.5,68.0,0,0,0,0
2026-06-21T12:46:39.338049,29.2,68.0,0,0,0,0
2026-06-21T12:46:41.340881,29.2,68.0,0,0,0,0
2026-06-21T12:46:43.345310,29.6,68.0,1,0,0,0
2026-06-21T12:46:45.350642,29.5,68.0,0,0,0,0
2026-06-21T12:46:47.355636,29.7,68.0,0,0,0,0
2026-06-21T12:46:49.361007,29.1,68.0,0,0,0,0
2026-06-21T12:46:51.366077,29.7,68.0,1,0,0,0
2026-06-21T12:46:53.371878,29.5,68.0,1,0,0,3
2026-06-21T12:46:55.376888,29.0,68.0,1,0,0,0
2026-06-21T12:46:57.381571,29.2,68.0,0,0,0,0
2026-06-21T12:46:59.387646,29.7,68.0,1,0,0,0
2026-06-21T12:47:01.392637,29.8,68.0,0,0,0,0
2026-06-21T12:47:03.396846,29.6,68.0,0,0,0,0
2026-06-21T12:47:05.401712,29.0,68.0,0,0,0,0
2026-06-21T12:47:07.408427,29.3,68.0,0,0,0,0
2026-06-21T12:47:09.413782,29.2,68.0,0,0,0,0
2026-06-21T12:47:11.418543,29.1,68.0,0,0,0,0
2026-06-21T12:47:13.423531,29.7,68.0,1,0,0,0
2026-06-21T12:47:15.429395,29.9,68.0,1,0,0,2
2026-06-21T12:47:17.434306,29.8,68.0,1,0,0,3
2026-06-21T12:47:19.441279,29.2,68.0,0,0,0,0
2026-06-21T12:47:23.450518,29.0,68.0,0,0,0,0
2026-06-21T12:47:23.451424,29.4,68.0,0,0,0,0
2026-06-21T12:47:27.461782,29.3,68.0,1,0,0,0
2026-06-21T12:47:27.462776,29.0,68.0,1,0,0,2
2026-06-21T12:47:31.472148,29.9,68.0,1,0,0,0
2026-06-21T12:47:31.473126,29.2,68.0,0,0,0,0
2026-06-21T12:47:33.478336,29.3,68.0,1,0,0,0
2026-06-21T12:47:35.482850,29.2,68.0,1,0,0,0
2026-06-21T12:47:39.492893,29.3,68.0,1,0,0,3
2026-06-21T12:47:39.493891,29.4,68.0,1,0,0,5
2026-06-21T12:47:43.505133,29.5,68.0,1,0,0,7
2026-06-21T12:47:43.506126,29.8,68.0,0,0,0,0
2026-06-21T12:47:47.514119,29.7,68.0,1,0,0,0
2026-06-21T12:47:47.515143,29.6,68.0,1,0,0,2
2026-06-21T12:47:49.508211,29.1,68.0,1,0,0,3
2026-06-21T12:47:51.523126,29.0,68.0,1,0,0,5
2026-06-21T12:47:55.533911,29.6,68.0,0,0,0,0
2026-06-21T12:47:55.536543,29.7,68.0,0,0,0,0
2026-06-21T12:47:57.538948,29.9,68.0,0,0,0,0
2026-06-21T12:47:59.541151,29.2,68.0,0,0,0,0
2026-06-21T12:48:01.549245,29.2,68.0,1,0,0,0
2026-06-21T12:48:03.555360,29.9,68.0,1,0,0,2
2026-06-21T12:48:05.560125,29.6,68.0,1,0,0,3
2026-06-21T12:48:07.564011,29.1,68.0,1,0,0,5
2026-06-21T12:48:11.576237,29.8,68.0,1,0,0,8
2026-06-21T12:48:11.577249,29.8,68.0,0,0,0,0
2026-06-21T12:48:15.586032,29.8,68.0,1,0,0,0
2026-06-21T12:48:15.588029,29.0,68.0,1,0,0,0
2026-06-21T12:48:17.591465,29.3,68.0,1,0,0,0
2026-06-21T12:48:19.591043,29.4,68.0,0,0,0,0
2026-06-21T12:48:21.601795,29.5,68.0,0,0,0,0
2026-06-21T12:48:25.613165,29.7,68.0,0,0,0,0
2026-06-21T12:48:25.614165,29.0,68.0,1,0,0,0
2026-06-21T12:48:27.617587,29.2,68.0,0,0,0,0
2026-06-21T12:48:29.621927,29.9,68.0,1,0,0,0
2026-06-21T12:48:33.632527,29.1,68.0,1,0,0,0
2026-06-21T12:48:33.632961,29.0,68.0,0,0,0,0
2026-06-21T12:48:35.636956,29.5,68.0,0,0,0,0
2026-06-21T12:48:37.639992,29.8,68.0,1,0,0,0
2026-06-21T12:48:39.646774,29.9,68.0,1,0,0,0
2026-06-21T12:48:41.640406,29.2,68.0,1,0,0,0
2026-06-21T12:48:43.657368,29.5,68.0,0,0,0,0
2026-06-21T12:48:45.655693,29.9,68.0,1,0,0,0
2026-06-21T12:48:49.672283,29.4,68.0,1,0,0,0
2026-06-21T12:48:49.672283,29.5,68.0,1,0,0,3
2026-06-21T12:48:51.676217,29.8,68.0,0,0,0,0
2026-06-21T12:48:55.687543,29.5,68.0,0,0,0,0
2026-06-21T12:48:55.688534,29.8,68.0,1,0,0,0
2026-06-21T12:48:59.696819,29.1,68.0,0,0,0,0
2026-06-21T12:48:59.697818,29.9,68.0,0,0,0,0
2026-06-21T12:49:01.700867,29.3,68.0,0,0,0,0
2026-06-21T12:49:03.707214,29.3,68.0,1,0,0,0
2026-06-21T12:49:05.704283,29.1,68.0,1,0,0,0
2026-06-21T12:49:07.716323,29.4,68.0,1,0,0,0
2026-06-21T12:49:09.720897,29.6,68.0,1,0,0,2
2026-06-21T12:49:13.732301,29.5,68.0,1,0,0,3
2026-06-21T12:49:13.733486,29.9,68.0,1,0,0,5
2026-06-21T12:49:15.738408,29.2,68.0,1,0,0,8
2026-06-21T12:49:19.747666,29.4,68.0,0,0,0,0
2026-06-21T12:49:19.748666,29.3,68.0,0,0,0,0
2026-06-21T12:49:21.753248,29.6,68.0,0,0,0,0
2026-06-21T12:49:23.758202,29.3,68.0,1,0,0,0
2026-06-21T12:49:25.753791,29.4,68.0,1,0,0,2
2026-06-21T12:49:29.773294,29.6,68.0,1,0,0,2
2026-06-21T12:49:29.775309,29.5,68.0,1,0,0,0
2026-06-21T12:49:31.778146,29.9,68.0,1,0,0,2
2026-06-21T12:49:33.784683,29.4,68.0,0,0,0,0
2026-06-21T12:49:37.794880,29.7,68.0,0,0,0,0
2026-06-21T12:49:37.795891,29.1,68.0,0,0,0,0
2026-06-21T12:49:39.799432,29.9,68.0,0,0,0,0
2026-06-21T12:49:41.803235,29.6,68.0,0,0,0,0
2026-06-21T12:49:43.810195,29.4,68.0,0,0,0,0
2026-06-21T12:49:45.813971,29.6,68.0,0,0,0,0
2026-06-21T12:49:47.810382,29.6,68.0,0,0,0,0
2026-06-21T12:49:49.825461,29.6,68.0,0,0,0,0
2026-06-21T12:49:51.832691,29.3,68.0,0,0,0,0
2026-06-21T12:49:55.841400,29.5,68.0,0,0,0,0
2026-06-21T12:49:55.842572,29.0,68.0,0,0,0,0
2026-06-21T12:49:59.854785,29.7,68.0,0,0,0,0
2026-06-21T12:49:59.855772,29.2,68.0,0,0,0,0
2026-06-21T12:50:03.863910,29.3,68.0,0,0,0,0
2026-06-21T12:50:03.863910,29.6,68.0,0,0,0,0
2026-06-21T12:50:05.870276,29.2,68.0,0,0,0,0
2026-06-21T12:50:07.874196,29.4,68.0,0,0,0,0
2026-06-21T12:50:09.881005,29.8,68.0,0,0,0,0
2026-06-21T12:50:11.884292,29.9,68.0,1,0,0,0
2026-06-21T12:50:13.889899,29.5,68.0,1,0,0,0
2026-06-21T12:50:15.894959,29.1,68.0,1,0,0,0
2026-06-21T12:50:17.900381,29.0,68.0,0,0,0,0
2026-06-21T12:50:19.901560,29.7,68.0,0,0,0,0
2026-06-21T12:50:21.911766,29.2,68.0,0,0,0,0
2026-06-21T12:50:23.916284,29.2,68.0,0,0,0,0
2026-06-21T12:50:25.921591,29.1,68.0,0,0,0,0
2026-06-21T12:50:27.924113,29.0,68.0,0,0,0,0
2026-06-21T12:50:29.932659,29.3,68.0,0,0,0,0
2026-06-21T12:50:31.936124,29.7,68.0,0,0,0,0
2026-06-21T12:50:33.941755,29.8,68.0,1,0,0,0
2026-06-21T12:50:35.945873,29.2,68.0,0,0,0,0
2026-06-21T12:50:39.956897,29.3,68.0,1,0,0,0
2026-06-21T12:50:39.957903,29.5,68.0,0,0,0,0
2026-06-21T12:50:43.964847,29.7,68.0,1,0,0,0
2026-06-21T12:50:43.964847,29.9,68.0,1,0,0,0
2026-06-21T12:50:45.972143,29.3,68.0,0,0,0,0
2026-06-21T12:50:49.982607,29.3,68.0,1,0,0,0
2026-06-21T12:50:49.982607,29.0,68.0,0,0,0,0
2026-06-21T12:50:51.986797,29.0,68.0,0,0,0,0
2026-06-21T12:50:53.992292,29.6,68.0,1,0,0,0
2026-06-21T12:50:55.991184,29.4,68.0,0,0,0,0
2026-06-21T12:50:58.003373,29.4,68.0,0,0,0,0
2026-06-21T12:51:00.007375,29.1,68.0,0,0,0,0
2026-06-21T12:51:02.013019,29.6,68.0,0,0,0,0
2026-06-21T12:51:04.017713,29.3,68.0,0,0,0,0
2026-06-21T12:51:06.022135,29.4,68.0,0,0,0,0
2026-06-21T12:51:08.027341,29.1,68.0,0,0,0,0
2026-06-21T12:51:10.031950,29.2,68.0,0,0,0,0
2026-06-21T12:51:12.038259,29.2,68.0,0,0,0,0
2026-06-21T12:51:14.042912,29.5,68.0,0,0,0,0
2026-06-21T12:51:16.048091,29.8,68.0,0,0,0,0
2026-06-21T12:51:20.058632,29.0,68.0,0,0,0,0
2026-06-21T12:51:20.059633,29.5,68.0,0,0,0,0
2026-06-21T12:51:22.056566,29.8,68.0,0,0,0,0
2026-06-21T12:51:24.069384,29.9,68.0,1,0,0,0
2026-06-21T12:51:28.082084,29.9,68.0,0,0,0,0
2026-06-21T12:51:28.083109,29.4,68.0,1,0,0,0
2026-06-21T12:51:30.085310,29.4,68.0,1,0,0,0
2026-06-21T12:51:32.089856,29.6,68.0,0,0,0,0
2026-06-21T12:51:34.094432,29.3,68.0,0,0,0,0
2026-06-21T12:51:36.100861,29.0,68.0,0,0,0,0
2026-06-21T12:51:38.105978,29.1,68.0,0,0,0,0
2026-06-21T12:51:42.114283,29.9,68.0,0,0,0,0
2026-06-21T12:51:42.114283,29.3,68.0,0,0,0,0
2026-06-21T12:51:44.122087,29.4,68.0,0,0,0,0
2026-06-21T12:51:46.127734,29.4,68.0,0,0,0,0
2026-06-21T12:51:48.134853,29.5,68.0,0,0,0,0
2026-06-21T12:51:50.139938,29.8,68.0,1,0,0,0
2026-06-21T12:51:54.147242,29.9,68.0,1,0,0,2
2026-06-21T12:51:54.147242,29.0,68.0,0,0,0,0
2026-06-21T12:51:56.155882,29.5,68.0,0,0,0,0
2026-06-21T12:51:58.161003,29.8,68.0,0,0,0,0
2026-06-21T12:52:02.171331,29.9,68.0,0,0,0,0
2026-06-21T12:52:02.172308,29.1,68.0,0,0,0,0
2026-06-21T12:52:04.175856,29.5,68.0,0,0,0,0
2026-06-21T12:52:06.182014,29.1,68.0,0,0,0,0
2026-06-21T12:52:10.192195,29.9,68.0,0,0,0,0
2026-06-21T12:52:10.194198,29.2,68.0,0,0,0,0
2026-06-21T12:52:12.196903,29.1,68.0,0,0,0,0
2026-06-21T12:52:14.188373,29.6,68.0,0,0,0,0
2026-06-21T12:52:16.203394,29.4,68.0,0,0,0,0
2026-06-21T12:52:18.211817,29.6,68.0,0,0,0,0
2026-06-21T12:52:20.217083,29.5,68.0,1,0,0,0
2026-06-21T12:52:22.221516,29.0,68.0,0,0,0,0
2026-06-21T12:52:26.231945,29.8,68.0,1,0,0,0
2026-06-21T12:52:26.232967,29.1,68.0,0,0,0,0
2026-06-21T12:52:28.238384,29.1,68.0,0,0,0,0
2026-06-21T12:52:30.242143,29.9,68.0,0,0,0,0
2026-06-21T12:52:32.244350,29.2,68.0,1,0,0,0
2026-06-21T12:52:36.249741,29.5,68.0,1,0,0,2
2026-06-21T12:52:36.249741,29.1,68.0,0,0,0,0
2026-06-21T12:52:38.263117,29.1,68.0,0,0,0,0
2026-06-21T12:52:40.267104,29.5,68.0,0,0,0,0
2026-06-21T12:52:42.267650,29.0,68.0,0,0,0,0
2026-06-21T12:52:44.277011,29.6,68.0,0,0,0,0
2026-06-21T12:52:46.282455,29.4,68.0,0,0,0,0
2026-06-21T12:52:48.287704,29.7,68.0,0,0,0,0
2026-06-21T12:52:50.292823,29.3,68.0,0,0,0,0
2026-06-21T12:52:52.294058,29.5,68.0,0,0,0,0
2026-06-21T12:52:56.308262,29.3,68.0,0,0,0,0
2026-06-21T12:52:56.309263,29.4,68.0,0,0,0,0
2026-06-21T12:52:58.313283,29.5,68.0,0,0,0,0
2026-06-21T12:53:00.317364,29.9,68.0,0,0,0,0
2026-06-21T12:53:02.323610,29.9,68.0,0,0,0,0
2026-06-21T12:53:04.328151,29.2,68.0,0,0,0,0
2026-06-21T12:53:06.332970,29.7,68.0,0,0,0,0
2026-06-21T12:53:08.338026,29.0,68.0,1,0,0,0
2026-06-21T12:53:10.342229,29.4,68.0,0,0,0,0
2026-06-21T12:53:12.349200,29.7,68.0,0,0,0,0
2026-06-21T12:53:16.360545,29.8,68.0,0,0,0,0
2026-06-21T12:53:16.361545,29.6,68.0,1,0,0,0
2026-06-21T12:53:18.365287,29.3,68.0,1,0,0,0
2026-06-21T12:53:20.371290,29.5,68.0,1,0,0,0
2026-06-21T12:53:24.381778,29.0,68.0,0,0,0,0
2026-06-21T12:53:24.382975,29.5,68.0,0,0,0,0
2026-06-21T12:53:26.386500,29.8,68.0,0,0,0,0
2026-06-21T12:53:30.395465,29.0,68.0,0,0,0,0
2026-06-21T12:53:30.396466,29.7,68.0,0,0,0,0
2026-06-21T12:53:32.400094,29.4,68.0,0,0,0,0
2026-06-21T12:53:34.406947,29.2,68.0,0,0,0,0
2026-06-21T12:53:36.407718,29.3,68.0,0,0,0,0
2026-06-21T12:53:38.417744,29.4,68.0,0,0,0,0
2026-06-21T12:53:40.422975,29.7,68.0,0,0,0,0
2026-06-21T12:53:42.429755,29.5,68.0,0,0,0,0
2026-06-21T12:53:44.435453,29.5,67.0,0,0,0,0
2026-06-21T12:53:46.441398,29.7,68.0,0,0,0,0
2026-06-21T12:53:48.445628,29.4,68.0,0,0,0,0
2026-06-21T12:53:50.450236,29.0,67.0,0,0,0,0
2026-06-21T12:53:54.462403,29.7,68.0,0,0,0,0
2026-06-21T12:53:54.463404,29.6,67.0,0,0,0,0
2026-06-21T12:53:56.463700,29.9,67.0,0,0,0,0
2026-06-21T12:53:58.473210,29.2,68.0,0,0,0,0
2026-06-21T12:54:00.477079,29.9,67.0,0,0,0,0
2026-06-21T12:54:02.483215,29.5,67.0,0,0,0,0
2026-06-21T12:54:04.488208,29.2,67.0,0,0,0,0
2026-06-21T12:54:06.491980,29.7,67.0,0,0,0,0
2026-06-21T12:54:10.504414,29.9,67.0,0,0,0,0
2026-06-21T12:54:10.504414,29.2,67.0,0,0,0,0
2026-06-21T12:54:12.509980,29.6,67.0,0,0,0,0
2026-06-21T12:54:14.513448,29.8,67.0,0,0,0,0
2026-06-21T12:54:16.519107,29.4,67.0,0,0,0,0
2026-06-21T12:54:18.524457,29.5,67.0,0,0,0,0
2026-06-21T12:54:20.528610,29.1,67.0,1,0,0,0
2026-06-21T12:54:22.533555,29.3,67.0,0,0,0,0
2026-06-21T12:54:24.540666,29.0,67.0,1,0,0,0
2026-06-21T12:54:26.546694,29.0,67.0,1,0,0,3
2026-06-21T12:54:28.550626,29.0,67.0,1,0,0,5
2026-06-21T12:54:30.556121,29.0,67.0,1,0,0,7
2026-06-21T12:54:32.562133,29.2,67.0,1,0,0,8
2026-06-21T12:54:34.566822,29.7,67.0,1,0,0,0
2026-06-21T12:54:36.574858,29.8,67.0,1,0,0,3
2026-06-21T12:54:38.578351,29.6,67.0,1,0,0,5
2026-06-21T12:54:40.583160,29.2,67.0,1,0,0,5
2026-06-21T12:54:44.597427,29.1,67.0,1,0,0,0
2026-06-21T12:54:44.598416,29.0,67.0,0,0,0,0
2026-06-21T12:54:48.606492,29.5,67.0,1,0,0,0
2026-06-21T12:54:48.607497,29.6,67.0,0,0,0,0
2026-06-21T12:54:50.611579,29.8,68.0,0,0,0,0
2026-06-21T12:54:54.622903,29.0,68.0,1,0,0,0
2026-06-21T12:54:54.623895,29.0,67.0,0,0,0,0
2026-06-21T12:54:56.627098,29.0,67.0,1,0,0,0
2026-06-21T12:55:00.638251,29.5,67.0,1,0,0,3
2026-06-21T12:55:00.639251,29.5,67.0,1,0,0,5
2026-06-21T12:55:02.638859,29.7,67.0,1,0,0,5
2026-06-21T12:55:04.647874,29.8,67.0,1,0,0,0
2026-06-21T12:55:06.646633,29.4,67.0,1,0,0,2
2026-06-21T12:55:08.659041,29.1,68.0,1,0,0,3
2026-06-21T12:55:10.662561,29.3,67.0,1,0,0,0
2026-06-21T12:55:12.667925,29.5,67.0,1,0,0,2
2026-06-21T12:55:14.674801,29.6,67.0,1,0,0,3
2026-06-21T12:55:16.678241,29.2,67.0,1,0,0,5
2026-06-21T12:55:18.683969,29.3,67.0,1,0,0,8
2026-06-21T12:55:20.688367,29.3,67.0,0,0,0,0
2026-06-21T12:55:22.694223,29.7,67.0,1,0,0,0
2026-06-21T12:55:24.699008,29.3,67.0,1,0,0,2
2026-06-21T12:55:28.710778,29.3,67.0,1,0,0,0
2026-06-21T12:55:28.711771,29.8,67.0,1,0,0,2
2026-06-21T12:55:30.716151,29.4,67.0,0,0,0,0
2026-06-21T12:55:32.721923,29.5,68.0,1,0,0,0
2026-06-21T12:55:36.731774,29.2,67.0,1,0,0,0
2026-06-21T12:55:36.732776,29.1,67.0,1,0,0,2
2026-06-21T12:55:40.743396,29.1,67.0,1,0,0,3
2026-06-21T12:55:40.744417,29.8,67.0,1,0,0,0
2026-06-21T12:55:42.747295,29.8,67.0,1,0,0,3
2026-06-21T12:55:44.751338,29.5,67.0,1,0,0,5
2026-06-21T12:55:46.758242,29.1,67.0,1,0,0,5
2026-06-21T12:55:48.763634,29.2,67.0,1,0,0,0
2026-06-21T12:55:50.767500,29.3,67.0,0,0,0,0
2026-06-21T12:55:52.773529,29.9,67.0,1,0,0,0
2026-06-21T12:55:54.777284,29.6,67.0,0,0,0,0
2026-06-21T12:55:56.784793,29.2,67.0,0,0,0,0
2026-06-21T12:55:58.790353,29.4,67.0,0,0,0,0
2026-06-21T12:56:00.794513,29.5,67.0,0,0,0,0
2026-06-21T12:56:04.807585,29.8,67.0,0,0,0,0
2026-06-21T12:56:04.808892,29.9,67.0,0,0,0,0
2026-06-21T12:56:06.813107,29.7,67.0,0,0,0,0
2026-06-21T12:56:08.818693,29.0,67.0,0,0,0,0
2026-06-21T12:56:10.823559,29.3,67.0,0,0,0,0
2026-06-21T12:56:14.833545,29.2,67.0,0,0,0,0
2026-06-21T12:56:14.835563,29.4,67.0,0,0,0,0
2026-06-21T12:56:16.838799,29.5,67.0,0,0,0,0
2026-06-21T12:56:20.849517,29.8,67.0,0,0,0,0
2026-06-21T12:56:20.850507,29.7,67.0,0,0,0,0
2026-06-21T12:56:24.861655,29.5,67.0,0,0,0,0
2026-06-21T12:56:24.862648,29.0,67.0,1,0,0,0
2026-06-21T12:56:28.871103,29.3,67.0,0,0,0,0
2026-06-21T12:56:28.872106,29.9,67.0,0,0,0,0
2026-06-21T12:56:30.876043,29.5,67.0,0,0,0,0
2026-06-21T12:56:32.879819,29.0,67.0,0,0,0,0
2026-06-21T12:56:34.885852,29.5,67.0,0,0,0,0
2026-06-21T12:56:36.891428,29.1,67.0,1,0,0,0
2026-06-21T12:56:38.896533,29.2,67.0,1,0,0,0
2026-06-21T12:56:42.905357,29.2,67.0,0,0,0,0
2026-06-21T12:56:42.906369,29.1,67.0,0,0,0,0
2026-06-21T12:56:44.910474,29.3,67.0,0,0,0,0
2026-06-21T12:56:46.915311,29.0,67.0,1,0,0,0
2026-06-21T12:56:48.920217,29.0,67.0,1,0,0,2
2026-06-21T12:56:50.926371,29.3,67.0,0,0,0,0
2026-06-21T12:56:52.930871,29.0,67.0,0,0,0,0
2026-06-21T12:56:56.941187,29.6,67.0,0,0,0,0
2026-06-21T12:56:56.942182,29.3,67.0,0,0,0,0
2026-06-21T12:56:58.946616,30.8,67.0,0,0,0,0
2026-06-21T12:57:00.950505,30.0,67.0,0,0,0,0
2026-06-21T12:57:02.954619,30.6,67.0,0,0,0,0
2026-06-21T12:57:04.961688,30.2,67.0,0,0,0,0
2026-06-21T12:57:06.956450,30.1,67.0,1,0,0,0
2026-06-21T12:57:08.970239,30.0,67.0,1,0,0,0
2026-06-21T12:57:12.981240,30.6,67.0,0,0,0,0
2026-06-21T12:57:12.982666,30.3,67.0,0,0,0,0
2026-06-21T12:57:14.985764,30.4,67.0,0,0,0,0
2026-06-21T12:57:16.991300,30.5,67.0,0,0,0,0
2026-06-21T12:57:18.996144,30.9,67.0,0,0,0,0
2026-06-21T12:57:21.001305,30.4,67.0,0,0,0,0
2026-06-21T12:57:23.005833,30.6,67.0,0,0,0,0
2026-06-21T12:57:25.011402,30.2,67.0,0,0,0,0
2026-06-21T12:57:27.016445,30.0,66.0,0,0,0,0
2026-06-21T12:57:31.027642,30.1,67.0,0,0,0,0
2026-06-21T12:57:31.029713,30.6,66.0,0,0,0,0
2026-06-21T12:57:35.036766,30.9,66.0,0,0,0,0
2026-06-21T12:57:35.039105,30.2,66.0,0,0,0,0
2026-06-21T12:57:37.039654,30.0,66.0,0,0,0,0
2026-06-21T12:57:39.047957,30.7,66.0,0,0,0,0
2026-06-21T12:57:43.059190,30.6,66.0,0,0,0,0
2026-06-21T12:57:43.060186,30.9,66.0,0,0,0,0
2026-06-21T12:57:47.070133,30.4,66.0,0,0,0,0
2026-06-21T12:57:47.071133,30.3,66.0,1,0,0,0
2026-06-21T12:57:49.075663,30.4,66.0,1,0,0,0
2026-06-21T12:57:51.079734,30.1,66.0,1,0,0,0
2026-06-21T12:57:55.093127,30.9,66.0,0,0,0,0
2026-06-21T12:57:55.094105,30.8,66.0,0,0,0,0
2026-06-21T12:57:57.097740,30.9,66.0,0,0,0,0
2026-06-21T12:57:59.103523,30.1,66.0,0,0,0,0
2026-06-21T12:58:01.109103,30.0,66.0,0,0,0,0
2026-06-21T12:58:03.107261,30.1,66.0,0,0,0,0
2026-06-21T12:58:05.119379,30.6,66.0,0,0,0,0
2026-06-21T12:58:07.123933,30.6,66.0,0,0,0,0
2026-06-21T12:58:09.128369,30.0,66.0,0,0,0,0
2026-06-21T12:58:11.135627,30.4,66.0,0,0,0,0
2026-06-21T12:58:15.145869,30.4,66.0,0,0,0,0
2026-06-21T12:58:15.146869,30.2,66.0,1,0,0,0
2026-06-21T12:58:17.152060,30.6,66.0,1,0,0,2
2026-06-21T12:58:19.156509,30.8,66.0,0,0,0,0
2026-06-21T12:58:21.160062,30.9,66.0,0,0,0,0
2026-06-21T12:58:23.166810,30.7,66.0,0,0,0,0
2026-06-21T12:58:25.172652,30.1,66.0,0,0,0,0
2026-06-21T12:58:27.178533,30.8,66.0,0,0,0,0
2026-06-21T12:58:29.183846,30.6,66.0,0,0,0,0
2026-06-21T12:58:31.187929,30.5,66.0,0,0,0,0
2026-06-21T12:58:33.193418,30.5,66.0,0,0,0,0
2026-06-21T12:58:35.198393,30.8,66.0,0,0,0,0
2026-06-21T12:58:37.201038,30.6,66.0,0,0,0,0
2026-06-21T12:58:39.209758,30.5,66.0,0,0,0,0
2026-06-21T12:58:41.214990,30.0,66.0,0,0,0,0
2026-06-21T12:58:43.219695,30.2,66.0,1,0,0,0
2026-06-21T12:58:45.224257,30.5,66.0,1,0,0,0
2026-06-21T12:58:47.229231,30.4,66.0,0,0,0,0
2026-06-21T12:58:49.236173,30.4,66.0,0,0,0,0
2026-06-21T12:58:51.239687,30.1,66.0,0,0,0,0
2026-06-21T12:58:53.244052,30.0,66.0,0,0,0,0
2026-06-21T12:58:55.249250,30.7,66.0,0,0,0,0
2026-06-21T12:58:57.253934,30.0,66.0,1,0,0,0
2026-06-21T12:58:59.259853,30.5,66.0,1,0,0,0
2026-06-21T12:59:01.265452,30.4,66.0,1,0,0,3
2026-06-21T12:59:03.268299,30.4,66.0,1,0,0,0
2026-06-21T12:59:05.274005,30.1,66.0,1,0,0,0
2026-06-21T12:59:07.279278,30.1,66.0,1,0,0,0
2026-06-21T12:59:09.286262,30.3,66.0,1,0,0,0
2026-06-21T12:59:11.290737,30.2,66.0,0,0,0,0
2026-06-21T12:59:13.295429,30.0,66.0,0,0,0,0
2026-06-21T12:59:15.300865,30.3,66.0,0,0,0,0
2026-06-21T12:59:17.291866,30.2,66.0,1,0,0,0
2026-06-21T12:59:19.311326,30.4,66.0,1,0,0,2
2026-06-21T12:59:21.307404,30.2,66.0,0,0,0,0
2026-06-21T12:59:23.323421,30.7,66.0,1,0,0,0
2026-06-21T12:59:25.326336,30.7,66.0,0,0,0,0
2026-06-21T12:59:29.339686,30.1,66.0,0,0,0,0
2026-06-21T12:59:29.340994,30.3,66.0,0,0,0,0
2026-06-21T12:59:31.345574,30.6,66.0,1,0,0,0
2026-06-21T12:59:33.340779,30.6,66.0,0,0,0,0
2026-06-21T12:59:35.355493,30.9,66.0,1,0,0,0
2026-06-21T12:59:39.366746,30.2,67.0,1,0,0,3
2026-06-21T12:59:39.367735,30.2,67.0,0,0,0,0
2026-06-21T12:59:43.377629,30.4,67.0,0,0,0,0
2026-06-21T12:59:43.378629,30.3,67.0,0,0,0,0
2026-06-21T12:59:45.380894,30.0,67.0,0,0,0,0
2026-06-21T12:59:49.390597,30.2,66.0,1,0,0,0
2026-06-21T12:59:49.393378,30.4,66.0,0,0,0,0
2026-06-21T12:59:51.397606,30.1,66.0,0,0,0,0
2026-06-21T12:59:53.402097,30.8,67.0,0,0,0,0
2026-06-21T12:59:55.408009,30.2,66.0,0,0,0,0
2026-06-21T12:59:57.411949,30.7,67.0,0,0,0,0
2026-06-21T12:59:59.417697,30.2,67.0,0,0,0,0
2026-06-21T13:00:01.421677,30.3,67.0,1,0,0,0
2026-06-21T13:00:03.428157,30.4,67.0,0,0,0,0
2026-06-21T13:00:05.434075,30.4,67.0,1,0,0,0
2026-06-21T13:00:07.439402,30.5,67.0,1,0,0,2
2026-06-21T13:00:09.444161,30.8,67.0,1,0,0,3
2026-06-21T13:00:11.448497,30.2,67.0,1,0,0,0
2026-06-21T13:00:13.447341,30.3,67.0,1,0,0,2
2026-06-21T13:00:15.457191,30.4,67.0,0,0,0,0
2026-06-21T13:00:17.460705,30.4,67.0,0,0,0,0
2026-06-21T13:00:21.474522,30.5,67.0,0,0,0,0
2026-06-21T13:00:21.475550,30.7,67.0,0,0,0,0
2026-06-21T13:00:23.478714,30.1,67.0,0,0,0,0
2026-06-21T13:00:25.484507,30.0,67.0,1,0,0,0
2026-06-21T13:00:27.490355,30.2,67.0,1,0,0,2
2026-06-21T13:00:29.495556,30.1,67.0,0,0,0,0
2026-06-21T13:00:31.499393,30.7,67.0,0,0,0,0
2026-06-21T13:00:33.504424,30.7,67.0,0,0,0,0
2026-06-21T13:00:35.510412,30.1,67.0,0,0,0,0
2026-06-21T13:00:37.509473,30.8,67.0,0,0,0,0
2026-06-21T13:00:39.520586,30.5,67.0,0,0,0,0
2026-06-21T13:00:41.524912,30.4,67.0,0,0,0,0
2026-06-21T13:00:43.530636,30.4,67.0,1,0,0,0
2026-06-21T13:00:47.539677,30.0,67.0,1,0,0,0
2026-06-21T13:00:47.541679,30.1,67.0,1,0,0,0
2026-06-21T13:00:49.546541,30.9,67.0,0,0,0,0
2026-06-21T13:00:51.551096,30.9,67.0,0,0,0,0
2026-06-21T13:00:55.559672,30.2,67.0,0,0,0,0
2026-06-21T13:00:55.560690,30.8,67.0,0,0,0,0
2026-06-21T13:00:57.565576,30.0,67.0,0,0,0,0
2026-06-21T13:01:01.574448,30.1,67.0,0,0,0,0
2026-06-21T13:01:01.574448,30.8,67.0,0,0,0,0
2026-06-21T13:01:03.581364,30.5,67.0,0,0,0,0
2026-06-21T13:01:05.587219,30.8,67.0,0,0,0,0
2026-06-21T13:01:07.590339,30.0,67.0,0,0,0,0
2026-06-21T13:01:09.595618,30.7,67.0,0,0,0,0
2026-06-21T13:01:11.600984,30.0,67.0,0,0,0,0
2026-06-21T13:01:13.605327,30.6,67.0,0,0,0,0
2026-06-21T13:01:15.611231,30.2,67.0,0,0,0,0
2026-06-21T13:01:17.616691,30.9,67.0,0,0,0,0
2026-06-21T13:01:19.622300,30.3,67.0,0,0,0,0
2026-06-21T13:01:21.625815,30.8,67.0,0,0,0,0
2026-06-21T13:01:23.631185,30.3,67.0,0,0,0,0
2026-06-21T13:01:25.636757,30.6,67.0,0,0,0,0
2026-06-21T13:01:29.647022,30.5,67.0,1,0,0,0
2026-06-21T13:01:31.651765,30.4,67.0,1,0,0,2
2026-06-21T13:01:33.657475,30.5,67.0,0,0,0,0
2026-06-21T13:01:37.659403,29.4,68.0,0,0,0,0
2026-06-21T13:01:37.659403,30.6,67.0,0,0,0,0
2026-06-21T13:01:41.677208,30.6,67.0,1,0,0,0
2026-06-21T13:01:41.678138,30.8,67.0,1,0,0,0
2026-06-21T13:01:43.683142,30.0,67.0,0,0,0,0
2026-06-21T13:01:45.687795,30.8,67.0,0,0,0,0
2026-06-21T13:01:47.692023,30.0,67.0,0,0,0,0
2026-06-21T13:01:49.691943,30.7,67.0,0,0,0,0
2026-06-21T13:01:51.703036,30.3,67.0,0,0,0,0
2026-06-21T13:01:55.713851,30.5,67.0,0,0,0,0
2026-06-21T13:01:55.714849,30.3,67.0,0,0,0,0
2026-06-21T13:01:57.710565,30.0,67.0,0,0,0,0
2026-06-21T13:01:59.722409,29.0,68.0,0,0,0,0
2026-06-21T13:02:01.728712,30.8,67.0,0,0,0,0
2026-06-21T13:02:03.735342,29.5,68.0,0,0,0,0
2026-06-21T13:02:05.738930,29.5,68.0,1,0,0,0
2026-06-21T13:02:09.749065,30.7,67.0,0,0,0,0
2026-06-21T13:02:09.750068,29.6,68.0,0,0,0,0
2026-06-21T13:02:13.756761,29.4,68.0,1,0,0,0
2026-06-21T13:02:13.756761,29.2,68.0,0,0,0,0
2026-06-21T13:02:15.763294,29.4,68.0,0,0,0,0
2026-06-21T13:02:17.767953,29.6,68.0,1,0,0,0
2026-06-21T13:02:19.773290,29.6,68.0,1,0,0,0
2026-06-21T13:02:21.778675,29.5,68.0,1,0,0,0
2026-06-21T13:02:23.783720,29.0,68.0,1,0,0,0
2026-06-21T13:02:25.788405,29.0,68.0,0,0,0,0
2026-06-21T13:02:27.793671,29.6,68.0,1,0,0,0
2026-06-21T13:02:29.798256,29.5,68.0,0,0,0,0
2026-06-21T13:02:33.809140,29.5,68.0,1,0,0,0
2026-06-21T13:02:33.810658,29.1,68.0,1,0,0,0
2026-06-21T13:02:35.813166,29.1,68.0,1,0,0,2
2026-06-21T13:02:39.823109,29.1,68.0,1,0,0,3
2026-06-21T13:02:39.824323,29.6,68.0,0,0,0,0
2026-06-21T13:02:41.829474,29.0,68.0,0,0,0,0
2026-06-21T13:02:43.833629,29.7,68.0,0,0,0,0
2026-06-21T13:02:45.840904,29.2,68.0,0,0,0,0
2026-06-21T13:02:47.845352,29.6,68.0,0,0,0,0
2026-06-21T13:02:49.849552,29.1,68.0,0,0,0,0
2026-06-21T13:02:51.854638,29.7,68.0,0,0,0,0
2026-06-21T13:02:53.859607,29.1,68.0,0,0,0,0
2026-06-21T13:02:57.868927,29.2,68.0,0,0,0,0
2026-06-21T13:02:57.868927,29.4,68.0,1,0,0,0
2026-06-21T13:02:59.874793,29.6,68.0,0,0,0,0
2026-06-21T13:03:01.879804,29.4,68.0,1,0,0,0
2026-06-21T13:03:05.890900,29.5,68.0,1,0,0,2
2026-06-21T13:03:05.891893,29.7,68.0,0,0,0,0
2026-06-21T13:03:09.900703,29.2,68.0,0,0,0,0
2026-06-21T13:03:09.901707,29.4,68.0,0,0,0,0
2026-06-21T13:03:11.905994,29.2,68.0,0,0,0,0
2026-06-21T13:03:13.910795,29.3,68.0,0,0,0,0
2026-06-21T13:03:15.915416,29.4,67.0,0,0,0,0
2026-06-21T13:03:17.921447,29.9,68.0,0,0,0,0
2026-06-21T13:03:19.927151,29.6,68.0,0,0,0,0
2026-06-21T13:03:21.933286,29.2,68.0,0,0,0,0
2026-06-21T13:03:23.932042,29.4,68.0,0,0,0,0
2026-06-21T13:03:25.941594,29.7,67.0,1,0,0,0
2026-06-21T13:03:27.946704,29.6,68.0,0,0,0,0
2026-06-21T13:03:29.953616,29.3,68.0,0,0,0,0
2026-06-21T13:03:33.964610,29.9,67.0,0,0,0,0
2026-06-21T13:03:33.965602,29.6,67.0,0,0,0,0
2026-06-21T13:03:37.974979,29.9,68.0,0,0,0,0
2026-06-21T13:03:37.974979,29.8,68.0,0,0,0,0
2026-06-21T13:03:39.981179,29.3,67.0,0,0,0,0
2026-06-21T13:03:41.986090,29.0,68.0,0,0,0,0
2026-06-21T13:03:43.989937,29.5,68.0,0,0,0,0
2026-06-21T13:03:45.995506,29.8,68.0,0,0,0,0
2026-06-21T13:03:48.002545,29.9,68.0,0,0,0,0
2026-06-21T13:03:50.008204,29.1,67.0,0,0,0,0
2026-06-21T13:03:54.016964,29.0,67.0,0,0,0,0
2026-06-21T13:03:54.016964,29.0,67.0,0,0,0,0
2026-06-21T13:03:56.023250,29.6,67.0,0,0,0,0
2026-06-21T13:03:58.030299,29.7,67.0,0,0,0,0
2026-06-21T13:04:00.034976,29.8,67.0,0,0,0,0
2026-06-21T13:04:04.045398,29.3,67.0,0,0,0,0
2026-06-21T13:04:04.046394,29.5,67.0,0,0,0,0
2026-06-21T13:04:08.056071,29.7,67.0,0,0,0,0
2026-06-21T13:04:08.058080,29.9,67.0,0,0,0,0
2026-06-21T13:04:10.060998,29.9,67.0,0,0,0,0
2026-06-21T13:04:12.066747,29.1,67.0,0,0,0,0
2026-06-21T13:04:14.071547,29.1,67.0,0,0,0,0
2026-06-21T13:04:16.076447,29.4,67.0,0,0,0,0
2026-06-21T13:04:18.080205,29.3,67.0,0,0,0,0
2026-06-21T13:04:22.093267,29.5,67.0,0,0,0,0
2026-06-21T13:04:22.093687,29.6,67.0,0,0,0,0
2026-06-21T13:04:24.097402,29.1,67.0,0,0,0,0
2026-06-21T13:04:26.101805,29.9,67.0,0,0,0,0
2026-06-21T13:04:30.112064,29.0,67.0,0,0,0,0
2026-06-21T13:04:30.113078,29.0,67.0,0,0,0,0
2026-06-21T13:04:32.116772,29.3,67.0,0,0,0,0
2026-06-21T13:04:36.128366,29.7,67.0,0,0,0,0
2026-06-21T13:04:36.128366,29.5,67.0,0,0,0,0
2026-06-21T13:04:38.134046,29.2,67.0,0,0,0,0
2026-06-21T13:04:40.136072,29.7,67.0,0,0,0,0
2026-06-21T13:04:44.150610,29.7,67.0,0,0,0,0
2026-06-21T13:04:44.150610,29.0,67.0,0,0,0,0
2026-06-21T13:04:46.155507,29.2,67.0,0,0,0,0
2026-06-21T13:04:50.165380,29.1,67.0,0,0,0,0
2026-06-21T13:04:50.166376,29.0,67.0,0,0,0,0
2026-06-21T13:04:52.171437,29.4,67.0,0,0,0,0
2026-06-21T13:04:54.176652,29.5,67.0,0,0,0,0
2026-06-21T13:04:56.180990,29.1,67.0,0,0,0,0
2026-06-21T13:04:58.184879,29.0,67.0,1,0,0,0
2026-06-21T13:05:00.191890,29.3,67.0,1,0,0,2
2026-06-21T13:05:02.192452,29.8,67.0,0,0,0,0
2026-06-21T13:05:06.207891,29.2,67.0,0,0,0,0
2026-06-21T13:05:06.209886,29.6,67.0,0,0,0,0
2026-06-21T13:05:08.213671,29.1,67.0,0,0,0,0
2026-06-21T13:05:10.220326,29.1,67.0,0,0,0,0
2026-06-21T13:05:14.230872,29.9,67.0,0,0,0,0
2026-06-21T13:05:14.231869,29.4,67.0,0,0,0,0
2026-06-21T13:05:16.234391,29.4,67.0,0,0,0,0
2026-06-21T13:05:20.246966,29.2,67.0,0,0,0,0
2026-06-21T13:05:20.247966,29.1,67.0,0,0,0,0
2026-06-21T13:05:24.256733,29.2,67.0,1,0,0,0
2026-06-21T13:05:24.257721,29.8,67.0,1,0,0,2
2026-06-21T13:05:26.262458,29.6,67.0,0,0,0,0
2026-06-21T13:05:28.266631,29.0,67.0,1,0,0,0
2026-06-21T13:05:30.271430,29.2,67.0,0,0,0,0
2026-06-21T13:05:32.277109,29.9,67.0,0,0,0,0
2026-06-21T13:05:34.281126,29.2,67.0,0,0,0,0
2026-06-21T13:05:36.286945,29.0,67.0,0,0,0,0
2026-06-21T13:05:38.292170,29.2,67.0,1,0,0,0
2026-06-21T13:05:42.301400,29.9,67.0,1,0,0,2
2026-06-21T13:05:42.302400,29.1,67.0,1,0,0,3
2026-06-21T13:05:46.313418,29.7,67.0,0,0,0,0
2026-06-21T13:05:46.314407,29.7,67.0,1,0,0,0
2026-06-21T13:05:48.318405,29.0,67.0,0,0,0,0
2026-06-21T13:05:50.325232,29.1,67.0,0,0,0,0
2026-06-21T13:05:52.328268,29.0,67.0,1,0,0,0
2026-06-21T13:05:54.333613,29.1,67.0,1,0,0,2
2026-06-21T13:05:58.343770,29.9,67.0,1,0,0,0
2026-06-21T13:05:58.344778,29.1,67.0,1,0,0,0
2026-06-21T13:06:00.348834,29.0,67.0,0,0,0,0
2026-06-21T13:06:02.353980,29.4,67.0,1,0,0,0
2026-06-21T13:06:04.360496,29.1,67.0,0,0,0,0
2026-06-21T13:06:08.368860,29.1,67.0,0,0,0,0
2026-06-21T13:06:08.369857,29.5,67.0,0,0,0,0
2026-06-21T13:06:10.374369,29.8,67.0,0,0,0,0
2026-06-21T13:06:14.384918,29.3,67.0,0,0,0,0
2026-06-21T13:06:14.385907,29.9,67.0,1,0,0,0
2026-06-21T13:06:18.396923,29.4,67.0,0,0,0,0
2026-06-21T13:06:18.397922,29.2,67.0,1,0,0,0
2026-06-21T13:06:20.402583,29.2,67.0,0,0,0,0
2026-06-21T13:06:22.405999,29.4,67.0,1,0,0,0
2026-06-21T13:06:24.411399,29.0,67.0,0,0,0,0
2026-06-21T13:06:28.424171,29.0,67.0,0,0,0,0
2026-06-21T13:06:28.424171,29.5,67.0,1,0,0,0
2026-06-21T13:06:30.428664,29.3,67.0,0,0,0,0
2026-06-21T13:06:32.433053,29.6,67.0,0,0,0,0
2026-06-21T13:06:34.439661,29.1,67.0,1,0,0,0
2026-06-21T13:06:36.444778,29.0,67.0,0,0,0,0
2026-06-21T13:06:38.444697,29.6,67.0,0,0,0,0
2026-06-21T13:06:42.461119,29.8,67.0,0,0,0,0
2026-06-21T13:06:42.463134,29.9,67.0,0,0,0,0
2026-06-21T13:06:44.467255,29.5,67.0,0,0,0,0
2026-06-21T13:06:46.473351,29.0,67.0,0,0,0,0
2026-06-21T13:06:48.477342,29.1,67.0,1,0,0,0
2026-06-21T13:06:50.479979,29.2,67.0,0,0,0,0
2026-06-21T13:06:54.493526,29.3,67.0,0,0,0,0
2026-06-21T13:06:54.494536,29.5,67.0,0,0,0,0
2026-06-21T13:06:56.498682,29.8,67.0,0,0,0,0
2026-06-21T13:06:58.503904,29.1,67.0,0,0,0,0
2026-06-21T13:07:00.508757,29.1,67.0,0,0,0,0
2026-06-21T13:07:02.515002,29.2,67.0,0,0,0,0
2026-06-21T13:07:04.519794,29.2,67.0,1,0,0,0
2026-06-21T13:07:06.524623,29.3,67.0,1,0,0,0
2026-06-21T13:07:08.530361,29.0,67.0,0,0,0,0
2026-06-21T13:07:12.540270,29.2,67.0,1,0,0,0
2026-06-21T13:07:12.541267,29.1,67.0,0,0,0,0
2026-06-21T13:07:14.544246,29.8,67.0,0,0,0,0
2026-06-21T13:07:16.551665,29.7,67.0,1,0,0,0
2026-06-21T13:07:18.556442,29.3,67.0,0,0,0,0
2026-06-21T13:07:20.557863,29.5,67.0,0,0,0,0
2026-06-21T13:07:24.571253,29.0,67.0,0,0,0,0
2026-06-21T13:07:24.572873,29.9,67.0,0,0,0,0
2026-06-21T13:07:26.579635,29.4,67.0,1,0,0,0
2026-06-21T13:07:30.587891,29.5,67.0,1,0,0,3
2026-06-21T13:07:30.588870,29.1,67.0,0,0,0,0
2026-06-21T13:07:32.592609,29.2,67.0,1,0,0,0
2026-06-21T13:07:34.598475,29.5,67.0,1,0,0,0
2026-06-21T13:07:36.600520,29.0,67.0,0,0,0,0
2026-06-21T13:07:38.610136,29.0,67.0,1,0,0,0
2026-06-21T13:07:40.615225,29.1,67.0,1,0,0,0
2026-06-21T13:07:44.626408,29.4,67.0,1,0,0,0
2026-06-21T13:07:44.627410,29.8,67.0,1,0,0,0
2026-06-21T13:07:46.631636,29.1,67.0,1,0,0,3
2026-06-21T13:07:48.635815,29.5,67.0,1,0,0,5
2026-06-21T13:07:50.642592,29.3,67.0,0,0,0,0
2026-06-21T13:07:52.648893,29.9,67.0,0,0,0,0
2026-06-21T13:07:54.653954,29.3,67.0,0,0,0,0
2026-06-21T13:07:58.665298,29.1,67.0,0,0,0,0
2026-06-21T13:07:58.665298,29.3,67.0,0,0,0,0
2026-06-21T13:08:00.670923,29.7,67.0,0,0,0,0
2026-06-21T13:08:02.670869,29.1,67.0,0,0,0,0
2026-06-21T13:08:04.680038,29.3,67.0,1,0,0,0
2026-06-21T13:08:08.690530,29.2,67.0,1,0,0,0
2026-06-21T13:08:08.692525,29.6,67.0,1,0,0,0
2026-06-21T13:08:10.695327,29.3,67.0,0,0,0,0
2026-06-21T13:08:12.700020,29.0,67.0,0,0,0,0
2026-06-21T13:08:14.705991,29.7,67.0,0,0,0,0
2026-06-21T13:08:18.716777,29.2,67.0,0,0,0,0
2026-06-21T13:08:18.717780,29.3,67.0,0,0,0,0
2026-06-21T13:08:20.720491,29.9,67.0,1,0,0,0
2026-06-21T13:08:22.726580,29.6,67.0,1,0,0,2
2026-06-21T13:08:26.736201,29.9,67.0,1,0,0,4
2026-06-21T13:08:26.738216,29.2,67.0,1,0,0,5
2026-06-21T13:08:30.748483,29.0,67.0,0,0,0,0
2026-06-21T13:08:30.749484,29.6,67.0,0,0,0,0
2026-06-21T13:08:32.751368,29.3,67.0,0,0,0,0
2026-06-21T13:08:36.762393,29.1,67.0,1,0,0,0
2026-06-21T13:08:36.763392,29.3,67.0,0,0,0,0
2026-06-21T13:08:38.766620,29.0,67.0,1,0,0,0
2026-06-21T13:08:40.771571,29.6,67.0,1,0,0,0
2026-06-21T13:08:42.776852,29.8,67.0,0,0,0,0
2026-06-21T13:08:44.783146,29.0,67.0,0,0,0,0
2026-06-21T13:08:46.783731,29.7,67.0,1,0,0,0
2026-06-21T13:08:48.793238,29.2,67.0,1,0,0,3
2026-06-21T13:08:50.797307,29.4,67.0,0,0,0,0
2026-06-21T13:08:52.803529,29.7,67.0,0,0,0,0
2026-06-21T13:08:54.808908,29.0,67.0,0,0,0,0
2026-06-21T13:08:58.819291,29.8,67.0,1,0,0,0
2026-06-21T13:08:58.820277,29.1,67.0,0,0,0,0
2026-06-21T13:09:00.825360,29.4,67.0,0,0,0,0
2026-06-21T13:09:04.835310,29.6,67.0,0,0,0,0
2026-06-21T13:09:04.836303,29.3,67.0,0,0,0,0
2026-06-21T13:09:06.838922,29.0,67.0,0,0,0,0
2026-06-21T13:09:08.847390,29.7,67.0,1,0,0,0
2026-06-21T13:09:10.852609,29.5,67.0,1,0,0,3
2026-06-21T13:09:12.858294,29.2,67.0,1,0,0,5
2026-06-21T13:09:14.862072,29.3,67.0,1,0,0,7
2026-06-21T13:09:16.868696,29.0,67.0,0,0,0,0
2026-06-21T13:09:18.875746,29.6,67.0,0,0,0,0
2026-06-21T13:09:20.881096,29.3,67.0,0,0,0,0
2026-06-21T13:09:22.884900,29.1,67.0,0,0,0,0
2026-06-21T13:09:26.895641,29.3,67.0,1,0,0,0
2026-06-21T13:09:26.896650,29.0,67.0,0,0,0,0
2026-06-21T13:09:28.899962,29.4,67.0,0,0,0,0
2026-06-21T13:09:32.910996,29.4,67.0,0,0,0,0
2026-06-21T13:09:32.911987,29.3,67.0,0,0,0,0
2026-06-21T13:09:34.917057,29.0,66.0,0,0,0,0
2026-06-21T13:09:36.916753,29.2,66.0,0,0,0,0
2026-06-21T13:09:40.931203,29.0,67.0,0,0,0,0
2026-06-21T13:09:40.932214,29.0,66.0,0,0,0,0
2026-06-21T13:09:42.936721,29.2,66.0,0,0,0,0
2026-06-21T13:09:44.938936,29.6,66.0,0,0,0,0
2026-06-21T13:09:46.946866,29.5,66.0,0,0,0,0
2026-06-21T13:09:48.951434,29.5,66.0,1,0,0,0
2026-06-21T13:09:50.951879,29.3,66.0,1,0,0,3
2026-06-21T13:09:52.961474,29.2,66.0,0,0,0,0
2026-06-21T13:09:54.967663,29.1,66.0,1,0,0,0
2026-06-21T13:09:56.972116,29.2,66.0,1,0,0,3
2026-06-21T13:10:00.981422,29.7,66.0,1,0,0,0
2026-06-21T13:10:00.982426,29.3,66.0,0,0,0,0
2026-06-21T13:10:02.985873,29.1,66.0,1,0,0,0
2026-06-21T13:10:06.997619,29.3,66.0,1,0,0,2
2026-06-21T13:10:06.998710,29.1,66.0,0,0,0,0
2026-06-21T13:10:11.007364,29.4,66.0,1,0,0,0
2026-06-21T13:10:11.007364,29.2,66.0,0,0,0,0
2026-06-21T13:10:15.018535,29.2,66.0,1,0,0,0
2026-06-21T13:10:15.018535,29.1,66.0,1,0,0,0
2026-06-21T13:10:17.022665,29.7,66.0,0,0,0,0
2026-06-21T13:10:21.032490,29.4,66.0,0,0,0,0
2026-06-21T13:10:21.034511,29.2,66.0,1,0,0,0
2026-06-21T13:10:23.037851,29.6,66.0,0,0,0,0
2026-06-21T13:10:25.043731,29.0,66.0,0,0,0,0
2026-06-21T13:10:27.048566,29.1,66.0,0,0,0,0
2026-06-21T13:10:29.052646,29.7,66.0,0,0,0,0
2026-06-21T13:10:31.058197,29.0,66.0,0,0,0,0
2026-06-21T13:10:33.057709,29.1,66.0,0,0,0,0
2026-06-21T13:10:35.067722,29.6,66.0,1,0,0,0
2026-06-21T13:10:41.085070,29.7,66.0,0,0,0,0
2026-06-21T13:10:41.086103,29.4,66.0,0,0,0,0
2026-06-21T13:10:43.091163,29.5,66.0,0,0,0,0
2026-06-21T13:10:45.091199,29.7,66.0,0,0,0,0
2026-06-21T13:10:47.102716,29.5,66.0,0,0,0,0
2026-06-21T13:10:49.107125,29.2,66.0,0,0,0,0
2026-06-21T13:10:51.112969,29.0,66.0,0,0,0,0
2026-06-21T13:10:53.112634,29.4,66.0,0,0,0,0
2026-06-21T13:10:55.124221,29.1,66.0,0,0,0,0
2026-06-21T13:10:57.128494,29.2,66.0,0,0,0,0
2026-06-21T13:10:59.133958,29.9,66.0,0,0,0,0
2026-06-21T13:11:01.138506,29.1,66.0,0,0,0,0
2026-06-21T13:11:03.144531,29.2,66.0,1,0,0,0
2026-06-21T13:11:05.149702,29.2,66.0,1,0,0,0
2026-06-21T13:11:09.159771,29.1,66.0,0,0,0,0
2026-06-21T13:11:09.160773,29.8,66.0,1,0,0,0
2026-06-21T13:11:11.165297,29.1,66.0,0,0,0,0
2026-06-21T13:11:13.170540,29.2,66.0,1,0,0,0
2026-06-21T13:11:15.175897,29.8,66.0,1,0,0,0
2026-06-21T13:11:19.185488,29.2,66.0,1,0,0,0
2026-06-21T13:11:19.186485,29.8,66.0,0,0,0,0
2026-06-21T13:11:21.191624,29.6,66.0,0,0,0,0
2026-06-21T13:11:23.198421,29.6,66.0,0,0,0,0
2026-06-21T13:11:27.208585,29.7,66.0,0,0,0,0
2026-06-21T13:11:27.209563,29.6,66.0,0,0,0,0
2026-06-21T13:11:31.218037,29.6,66.0,0,0,0,0
2026-06-21T13:11:31.220042,29.8,66.0,1,0,0,0
2026-06-21T13:11:33.222527,29.6,66.0,1,0,0,0
2026-06-21T13:11:35.226832,29.6,66.0,0,0,0,0
2026-06-21T13:11:37.232828,29.2,66.0,0,0,0,0
2026-06-21T13:11:39.237964,29.7,66.0,0,0,0,0
2026-06-21T13:11:41.243001,29.0,66.0,1,0,0,0
2026-06-21T13:11:43.247019,29.0,66.0,1,0,0,2
2026-06-21T13:11:47.258528,29.1,66.0,1,0,0,3
2026-06-21T13:11:47.259522,29.4,66.0,0,0,0,0
2026-06-21T13:11:49.262353,29.5,66.0,0,0,0,0
2026-06-21T13:11:51.267771,29.4,66.0,1,0,0,0
2026-06-21T13:11:55.271773,29.6,66.0,1,0,0,0
2026-06-21T13:11:55.271773,29.9,66.0,0,0,0,0
2026-06-21T13:11:57.282573,29.7,66.0,1,0,0,0
2026-06-21T13:11:59.289504,29.7,66.0,0,0,0,0
2026-06-21T13:12:01.293262,29.4,66.0,0,0,0,0
2026-06-21T13:12:03.295306,29.5,66.0,1,0,0,0
2026-06-21T13:12:05.303901,29.7,66.0,1,0,0,0
2026-06-21T13:12:07.310259,29.0,66.0,0,0,0,0
2026-06-21T13:12:09.303813,29.5,66.0,1,0,0,0
2026-06-21T13:12:11.317924,29.5,66.0,1,0,0,2
2026-06-21T13:12:13.323828,29.1,66.0,1,0,0,0
2026-06-21T13:12:17.335688,29.7,66.0,0,0,0,0
2026-06-21T13:12:17.336690,29.3,66.0,0,0,0,0
2026-06-21T13:12:19.339916,29.9,66.0,0,0,0,0
2026-06-21T13:12:21.345929,29.0,66.0,0,0,0,0
2026-06-21T13:12:25.357843,29.7,66.0,0,0,0,0
2026-06-21T13:12:27.360013,29.3,66.0,0,0,0,0
2026-06-21T13:12:29.368560,29.2,66.0,0,0,0,0
2026-06-21T13:12:31.372168,29.9,66.0,0,0,0,0
2026-06-21T13:12:35.382804,29.8,66.0,0,0,0,0
2026-06-21T13:12:35.384825,29.1,66.0,0,0,0,0
2026-06-21T13:12:37.387519,29.4,66.0,0,0,0,0
2026-06-21T13:12:39.393852,29.3,66.0,0,0,0,0
2026-06-21T13:12:41.393846,29.4,66.0,0,0,0,0
2026-06-21T13:12:43.403440,29.6,66.0,0,0,0,0
2026-06-21T13:12:45.393951,29.5,66.0,0,0,0,0
2026-06-21T13:12:47.414021,29.6,66.0,0,0,0,0
2026-06-21T13:12:49.414293,29.5,66.0,0,0,0,0
2026-06-21T13:12:51.423230,29.9,66.0,0,0,0,0
2026-06-21T13:12:53.429071,29.1,66.0,0,0,0,0
2026-06-21T13:12:55.433616,29.8,66.0,0,0,0,0
2026-06-21T13:12:57.437914,28.6,66.0,0,0,0,0
2026-06-21T13:12:59.443462,29.4,66.0,0,0,0,0
2026-06-21T13:13:01.449986,28.7,66.0,0,0,0,0
2026-06-21T13:13:05.458495,28.7,66.0,0,0,0,0
2026-06-21T13:13:05.459334,28.5,66.0,0,0,0,0
2026-06-21T13:13:07.462510,28.7,66.0,0,0,0,0
2026-06-21T13:13:11.462380,28.4,66.0,0,0,0,0
2026-06-21T13:13:11.462380,28.3,66.0,0,0,0,0
2026-06-21T13:13:13.478484,28.3,66.0,0,0,0,0
2026-06-21T13:13:15.482957,28.2,66.0,0,0,0,0
2026-06-21T13:13:17.489058,28.6,66.0,0,0,0,0
2026-06-21T13:13:19.493442,28.6,66.0,0,0,0,0
2026-06-21T13:13:23.504088,28.5,66.0,0,0,0,0
2026-06-21T13:13:23.506091,28.8,66.0,0,0,0,0
2026-06-21T13:13:25.508801,28.8,66.0,0,0,0,0
2026-06-21T13:13:27.507640,28.6,66.0,0,0,0,0
2026-06-21T13:13:29.520283,28.7,66.0,0,0,0,0
2026-06-21T13:13:31.523131,28.6,66.0,1,0,0,0
2026-06-21T13:13:33.528427,28.6,66.0,1,0,0,2
2026-06-21T13:13:35.535599,28.6,66.0,1,0,0,3
2026-06-21T13:13:37.539704,28.5,66.0,0,0,0,0
2026-06-21T13:13:41.541534,28.2,66.0,0,0,0,0
2026-06-21T13:13:41.541534,28.6,66.0,0,0,0,0
2026-06-21T13:13:43.554340,28.6,66.0,0,0,0,0
2026-06-21T13:13:45.559449,28.6,66.0,0,0,0,0
2026-06-21T13:13:47.564049,28.6,66.0,1,0,0,0
2026-06-21T13:13:49.570338,28.4,66.0,0,0,0,0
2026-06-21T13:13:51.574800,28.8,66.0,1,0,0,0
2026-06-21T13:13:53.579197,28.8,66.0,0,0,0,0
2026-06-21T13:13:55.585552,28.1,66.0,0,0,0,0
2026-06-21T13:13:57.591044,28.4,66.0,0,0,0,0
2026-06-21T13:13:59.595072,28.6,66.0,0,0,0,0
2026-06-21T13:14:03.604924,28.5,66.0,0,0,0,0
2026-06-21T13:14:03.605925,28.7,66.0,0,0,0,0
2026-06-21T13:14:07.613987,28.1,66.0,0,0,0,0
2026-06-21T13:14:07.616001,28.5,66.0,0,0,0,0
2026-06-21T13:14:11.625403,28.8,66.0,0,0,0,0
2026-06-21T13:14:11.626401,28.7,66.0,0,0,0,0
2026-06-21T13:14:13.630359,28.5,66.0,0,0,0,0
2026-06-21T13:14:15.634617,28.2,66.0,0,0,0,0
2026-06-21T13:14:17.639164,28.0,66.0,0,0,0,0
2026-06-21T13:14:21.650477,28.0,66.0,0,0,0,0
2026-06-21T13:14:21.650477,28.1,66.0,0,0,0,0
2026-06-21T13:14:23.654225,28.7,66.0,1,0,0,0
2026-06-21T13:14:25.660100,28.4,66.0,1,0,0,0
2026-06-21T13:14:27.665216,28.5,66.0,0,0,0,0
2026-06-21T13:14:29.669821,28.8,66.0,0,0,0,0
2026-06-21T13:14:31.675429,28.1,66.0,1,0,0,0
2026-06-21T13:14:35.684087,28.8,66.0,1,0,0,3
2026-06-21T13:14:35.685100,28.2,66.0,1,0,0,0
2026-06-21T13:14:37.690244,28.0,66.0,1,0,0,0
2026-06-21T13:14:39.695558,28.0,66.0,1,0,0,2
2026-06-21T13:14:43.704935,28.1,66.0,1,0,0,0
2026-06-21T13:14:43.705934,28.0,66.0,1,0,0,0
2026-06-21T13:14:45.704347,28.4,66.0,1,0,0,0
2026-06-21T13:14:47.715127,28.3,66.0,0,0,0,0
2026-06-21T13:14:49.720676,28.4,66.0,1,0,0,0
2026-06-21T13:14:51.725789,28.5,66.0,0,0,0,0
2026-06-21T13:14:53.729751,28.2,66.0,1,0,0,0
2026-06-21T13:14:55.735074,28.0,66.0,0,0,0,0
2026-06-21T13:14:57.740133,28.5,66.0,0,0,0,0
2026-06-21T13:15:01.751413,28.7,66.0,0,0,0,0
2026-06-21T13:15:01.752397,28.8,66.0,1,0,0,0
2026-06-21T13:15:05.759943,28.9,66.0,0,0,0,0
2026-06-21T13:15:05.761949,28.6,66.0,0,0,0,0
2026-06-21T13:15:07.766799,28.5,66.0,0,0,0,0
2026-06-21T13:15:09.771068,28.6,66.0,0,0,0,0
2026-06-21T13:15:11.775306,28.2,66.0,0,0,0,0
2026-06-21T13:15:13.780300,28.3,66.0,0,0,0,0
2026-06-21T13:15:17.791659,28.8,66.0,0,0,0,0
2026-06-21T13:15:17.792656,28.6,66.0,0,0,0,0
2026-06-21T13:15:19.796313,28.0,66.0,0,0,0,0
2026-06-21T13:15:21.800342,28.6,66.0,0,0,0,0
2026-06-21T13:15:23.806522,28.0,66.0,0,0,0,0
2026-06-21T13:15:25.812162,28.4,66.0,0,0,0,0
2026-06-21T13:15:27.817371,28.0,66.0,0,0,0,0
2026-06-21T13:15:29.821625,28.2,66.0,0,0,0,0
2026-06-21T13:15:31.826181,28.7,66.0,0,0,0,0
2026-06-21T13:15:35.837116,28.1,66.0,0,0,0,0
2026-06-21T13:15:35.838095,28.2,66.0,0,0,0,0
2026-06-21T13:15:37.841247,28.5,66.0,0,0,0,0
2026-06-21T13:15:39.847651,28.2,66.0,0,0,0,0
2026-06-21T13:15:41.851439,28.9,66.0,0,0,0,0
2026-06-21T13:15:43.857661,28.1,66.0,0,0,0,0
2026-06-21T13:15:45.858519,28.0,66.0,0,0,0,0
2026-06-21T13:15:47.867201,28.5,66.0,1,0,0,0
2026-06-21T13:15:49.872418,28.2,66.0,1,0,0,0
2026-06-21T13:15:53.882890,28.9,66.0,1,0,0,3
2026-06-21T13:15:53.883880,28.9,66.0,0,0,0,0
2026-06-21T13:15:55.888493,28.6,66.0,0,0,0,0
2026-06-21T13:15:57.893770,28.8,66.0,0,0,0,0
2026-06-21T13:15:59.892919,28.8,66.0,0,0,0,0
2026-06-21T13:16:01.906946,28.7,66.0,0,0,0,0
2026-06-21T13:16:03.909910,28.4,66.0,0,0,0,0
2026-06-21T13:16:07.912763,28.5,66.0,0,0,0,0
2026-06-21T13:16:07.912763,28.1,66.0,0,0,0,0
2026-06-21T13:16:11.931216,28.9,66.0,0,0,0,0
2026-06-21T13:16:11.932209,28.1,66.0,1,0,0,0
2026-06-21T13:16:13.936450,28.3,66.0,0,0,0,0
2026-06-21T13:16:15.941718,28.7,66.0,1,0,0,0
2026-06-21T13:16:17.947273,28.7,66.0,1,0,0,0
2026-06-21T13:16:19.951065,28.6,66.0,0,0,0,0
2026-06-21T13:16:21.956751,28.3,66.0,1,0,0,0
2026-06-21T13:16:23.962030,28.2,66.0,0,0,0,0
2026-06-21T13:16:27.957317,28.1,66.0,1,0,0,0
2026-06-21T13:16:27.957317,28.2,66.0,0,0,0,0
2026-06-21T13:16:29.976204,28.3,66.0,1,0,0,0
2026-06-21T13:16:31.981089,28.6,66.0,1,0,0,0
2026-06-21T13:16:35.992564,28.9,66.0,0,0,0,0
2026-06-21T13:16:35.992564,28.1,66.0,1,0,0,0
2026-06-21T13:16:37.998359,28.3,66.0,0,0,0,0
2026-06-21T13:16:40.002629,28.6,66.0,0,0,0,0
2026-06-21T13:16:42.007291,28.7,66.0,0,0,0,0
2026-06-21T13:16:44.013489,28.5,66.0,1,0,0,0
2026-06-21T13:16:46.007180,28.0,66.0,1,0,0,2
2026-06-21T13:16:48.022687,28.5,66.0,0,0,0,0
2026-06-21T13:16:50.028059,28.4,66.0,0,0,0,0
2026-06-21T13:16:52.033402,28.5,66.0,0,0,0,0
2026-06-21T13:16:54.038454,28.7,66.0,1,0,0,0
2026-06-21T13:16:58.048286,28.9,66.0,1,0,0,2
2026-06-21T13:16:58.049284,28.9,66.0,1,0,0,0
2026-06-21T13:17:00.046990,28.0,66.0,1,0,0,2
2026-06-21T13:17:02.058590,28.7,66.0,1,0,0,2
2026-06-21T13:17:04.062962,28.6,66.0,1,0,0,4
2026-06-21T13:17:06.059384,28.3,66.0,1,0,0,7
2026-06-21T13:17:08.073418,28.8,66.0,0,0,0,0
2026-06-21T13:17:12.083166,28.2,66.0,0,0,0,0
2026-06-21T13:17:12.085168,28.9,66.0,0,0,0,0
2026-06-21T13:17:16.090025,28.3,66.0,1,0,0,0
2026-06-21T13:17:16.090025,28.2,66.0,0,0,0,0
2026-06-21T13:17:20.099916,28.7,66.0,0,0,0,0
2026-06-21T13:17:20.099916,28.2,66.0,0,0,0,0
2026-06-21T13:17:22.108470,28.5,66.0,1,0,0,0
2026-06-21T13:17:24.105404,28.3,66.0,1,0,0,0
2026-06-21T13:17:26.117957,28.9,66.0,0,0,0,0
2026-06-21T13:17:28.124230,28.1,66.0,0,0,0,0
2026-06-21T13:17:30.129023,28.1,66.0,1,0,0,0
2026-06-21T13:17:34.139276,28.8,66.0,1,0,0,3
2026-06-21T13:17:34.139276,28.3,66.0,1,0,0,5
2026-06-21T13:17:36.143108,28.8,65.0,0,0,0,0
2026-06-21T13:17:38.148900,28.6,66.0,1,0,0,0
2026-06-21T13:17:40.154022,28.2,65.0,1,0,0,0
2026-06-21T13:17:42.153960,28.5,66.0,0,0,0,0
2026-06-21T13:17:44.163535,28.3,66.0,0,0,0,0
2026-06-21T13:17:48.174245,28.2,66.0,0,0,0,0
2026-06-21T13:17:48.175269,28.0,65.0,1,0,0,0
2026-06-21T13:17:50.178855,28.5,65.0,1,0,0,0
2026-06-21T13:17:52.183681,28.0,65.0,0,0,0,0
2026-06-21T13:17:54.189147,28.0,66.0,1,0,0,0
2026-06-21T13:17:56.195345,28.6,66.0,1,0,0,0
2026-06-21T13:17:58.198668,28.6,66.0,1,0,0,2
2026-06-21T13:18:00.195123,28.4,66.0,0,0,0,0
2026-06-21T13:18:04.213804,28.0,66.0,1,0,0,0
2026-06-21T13:18:04.215821,28.5,66.0,0,0,0,0
2026-06-21T13:18:06.219061,28.2,66.0,0,0,0,0
2026-06-21T13:18:08.225501,28.7,65.0,1,0,0,0
2026-06-21T13:18:10.229678,28.5,65.0,1,0,0,3
2026-06-21T13:18:12.235816,28.4,65.0,1,0,0,5
2026-06-21T13:18:14.240651,28.9,65.0,1,0,0,7
2026-06-21T13:18:16.244283,28.1,65.0,1,0,0,9
2026-06-21T13:18:18.251260,28.7,65.0,1,0,0,10
2026-06-21T13:18:20.255936,28.4,65.0,1,0,0,0
2026-06-21T13:18:22.260392,28.7,65.0,1,0,0,2
2026-06-21T13:18:24.266513,28.3,65.0,1,0,0,4
2026-06-21T13:18:26.270799,28.9,65.0,1,0,0,5
2026-06-21T13:18:28.274893,28.8,65.0,1,0,0,7
2026-06-21T13:18:30.281194,28.7,65.0,1,0,0,0
2026-06-21T13:18:34.290939,28.7,65.0,1,0,0,2
2026-06-21T13:18:34.291932,28.5,65.0,1,0,0,0
2026-06-21T13:18:38.300805,28.2,65.0,0,0,0,0
2026-06-21T13:18:38.301157,28.5,65.0,1,0,0,0
2026-06-21T13:18:40.307347,28.9,65.0,1,0,0,2
2026-06-21T13:18:44.316593,28.4,65.0,1,0,0,5
2026-06-21T13:18:44.317608,28.0,65.0,1,0,0,7
2026-06-21T13:18:46.321840,28.0,65.0,1,0,0,0
2026-06-21T13:18:48.324855,28.5,65.0,1,0,0,2
2026-06-21T13:18:50.330560,28.3,65.0,1,0,0,2
2026-06-21T13:18:54.341106,28.4,65.0,1,0,0,5
2026-06-21T13:18:54.342510,28.0,65.0,1,0,0,7
2026-06-21T13:18:56.347770,28.7,65.0,1,0,0,0
2026-06-21T13:19:00.357323,28.5,65.0,1,0,0,2
2026-06-21T13:19:00.358299,28.0,65.0,1,0,0,4
2026-06-21T13:19:04.367967,28.6,65.0,1,0,0,5
2026-06-21T13:19:04.368958,28.8,65.0,1,0,0,0
2026-06-21T13:19:06.371650,28.4,65.0,0,0,0,0
2026-06-21T13:19:08.377609,28.9,65.0,1,0,0,0
2026-06-21T13:19:10.382601,28.4,65.0,1,0,0,0
2026-06-21T13:19:12.386320,28.8,65.0,1,0,0,0
2026-06-21T13:19:16.398107,28.5,65.0,1,0,0,2
2026-06-21T13:19:16.399093,28.8,65.0,1,0,0,2
2026-06-21T13:19:20.391915,28.5,65.0,1,0,0,5
2026-06-21T13:19:20.407638,28.0,65.0,1,0,0,7
2026-06-21T13:19:22.413662,28.6,65.0,1,0,0,10
2026-06-21T13:19:24.418558,28.5,65.0,1,0,0,12
2026-06-21T13:19:28.427828,28.7,65.0,1,0,0,14
2026-06-21T13:19:28.430817,28.8,65.0,1,0,0,14
2026-06-21T13:19:30.436382,28.3,65.0,1,0,0,17
2026-06-21T13:19:32.437745,28.7,65.0,1,0,0,19
2026-06-21T13:19:34.443865,28.7,65.0,1,0,0,21
2026-06-21T13:19:38.454510,28.7,65.0,1,0,0,24
2026-06-21T13:19:38.458511,28.5,65.0,1,0,0,26
2026-06-21T13:19:40.454794,28.3,65.0,1,0,0,26
2026-06-21T13:19:42.463838,28.8,65.0,1,0,0,28
2026-06-21T13:19:44.470322,28.6,65.0,1,0,0,0
2026-06-21T13:19:46.474338,28.8,65.0,1,0,0,2
2026-06-21T13:19:48.476378,28.5,65.0,1,0,0,5
2026-06-21T13:19:52.490234,28.2,65.0,1,0,0,7
2026-06-21T13:19:52.490234,28.1,65.0,1,0,0,7
2026-06-21T13:19:54.495792,28.6,65.0,1,0,0,10
2026-06-21T13:19:56.500040,28.6,65.0,1,0,0,12
2026-06-21T13:19:58.506432,28.8,65.0,1,0,0,14
2026-06-21T13:20:02.515502,28.6,65.0,1,0,0,17
2026-06-21T13:20:02.518515,28.6,65.0,1,0,0,19
2026-06-21T13:20:04.521457,28.6,65.0,1,0,0,19
2026-06-21T13:20:08.531482,28.5,65.0,1,0,0,22
2026-06-21T13:20:08.533487,28.2,65.0,1,0,0,24
2026-06-21T13:20:10.537322,28.4,65.0,1,0,0,26
2026-06-21T13:20:14.547827,28.8,65.0,1,0,0,29
2026-06-21T13:20:14.550829,28.6,65.0,1,0,0,31
2026-06-21T13:20:16.551070,28.5,65.0,1,0,0,31
2026-06-21T13:20:20.563410,28.2,65.0,1,0,0,34
2026-06-21T13:20:20.566285,28.5,65.0,1,0,0,36
2026-06-21T13:20:22.568291,28.3,65.0,1,0,0,38
2026-06-21T13:20:26.578782,28.6,65.0,1,0,0,41
2026-06-21T13:20:26.581761,28.4,65.0,1,0,0,43
2026-06-21T13:20:28.583040,28.8,65.0,1,0,0,43
2026-06-21T13:20:30.590662,28.5,65.0,1,0,0,46
2026-06-21T13:20:34.598707,28.4,65.0,1,0,0,48
2026-06-21T13:20:34.601715,28.0,65.0,1,0,0,0
2026-06-21T13:20:38.609655,28.7,65.0,1,0,0,2
2026-06-21T13:20:38.611655,28.6,65.0,1,0,0,4
2026-06-21T13:20:40.613759,28.6,65.0,1,0,0,5
2026-06-21T13:20:42.618751,28.7,65.0,1,0,0,7
2026-06-21T13:20:46.628800,28.5,65.0,1,0,0,10
2026-06-21T13:20:46.631826,28.1,65.0,1,0,0,12
2026-06-21T13:20:48.633563,28.0,65.0,1,0,0,14
2026-06-21T13:20:50.638738,28.6,65.0,1,0,0,16
2026-06-21T13:20:54.647897,28.3,65.0,1,0,0,17
2026-06-21T13:20:54.647897,28.5,65.0,1,0,0,0
2026-06-21T13:20:56.652969,28.0,65.0,1,0,0,2
2026-06-21T13:20:58.657474,28.5,65.0,1,0,0,5
2026-06-21T13:21:00.662031,28.8,65.0,1,0,0,7
2026-06-21T13:21:04.673472,28.3,65.0,1,0,0,9
2026-06-21T13:21:04.674467,28.5,65.0,1,0,0,9
2026-06-21T13:21:08.682875,28.2,65.0,1,0,0,12
2026-06-21T13:21:08.684897,28.5,65.0,1,0,0,14
2026-06-21T13:21:12.693781,28.4,65.0,1,0,0,16
2026-06-21T13:21:12.694748,28.5,65.0,0,0,0,0
2026-06-21T13:21:16.694713,28.3,65.0,1,0,0,0
2026-06-21T13:21:16.694713,28.1,65.0,1,0,0,2
2026-06-21T13:21:18.709146,28.9,65.0,1,0,0,4
2026-06-21T13:21:20.710273,28.9,65.0,1,0,0,7
2026-06-21T13:21:24.724396,28.6,65.0,1,0,0,9
2026-06-21T13:21:24.726269,28.3,65.0,1,0,0,9
2026-06-21T13:21:26.730396,28.1,65.0,1,0,0,11
2026-06-21T13:21:28.733600,28.3,65.0,1,0,0,14
2026-06-21T13:21:30.739019,28.2,65.0,1,0,0,16
2026-06-21T13:21:32.744741,28.0,65.0,1,0,0,18
2026-06-21T13:21:34.749412,28.9,65.0,1,0,0,21
2026-06-21T13:21:36.753835,28.7,65.0,1,0,0,23
2026-06-21T13:21:38.759107,28.9,65.0,1,0,0,25
2026-06-21T13:21:40.765194,28.3,65.0,1,0,0,25
2026-06-21T13:21:42.768907,28.0,65.0,1,0,0,28
2026-06-21T13:21:44.774144,28.4,65.0,1,0,0,30
2026-06-21T13:21:46.780236,28.7,65.0,1,0,0,32
2026-06-21T13:21:48.784351,28.9,65.0,0,0,0,0
2026-06-21T13:21:50.790113,28.0,65.0,1,0,0,0
2026-06-21T13:21:52.793880,28.5,65.0,1,0,0,2
2026-06-21T13:21:54.799743,28.9,65.0,1,0,0,4
2026-06-21T13:21:56.804119,28.8,65.0,1,0,0,5
2026-06-21T13:21:58.807755,28.1,65.0,1,0,0,7
2026-06-21T13:22:00.815336,28.3,65.0,1,0,0,9
2026-06-21T13:22:04.825333,28.8,65.0,1,0,0,12
2026-06-21T13:22:04.825333,28.4,65.0,1,0,0,14
2026-06-21T13:22:06.829512,28.9,65.0,1,0,0,16
2026-06-21T13:22:08.834874,28.7,65.0,1,0,0,18
2026-06-21T13:22:10.839534,28.4,65.0,1,0,0,20
2026-06-21T13:22:14.850534,28.8,65.0,1,0,0,21
2026-06-21T13:22:14.851540,28.5,65.0,1,0,0,23
2026-06-21T13:22:16.857342,28.4,65.0,1,0,0,0
2026-06-21T13:22:18.860638,28.8,65.0,1,0,0,2
2026-06-21T13:22:20.864099,28.7,65.0,1,0,0,5
2026-06-21T13:22:24.876451,28.6,65.0,1,0,0,7
2026-06-21T13:22:24.878442,28.3,65.0,1,0,0,7
2026-06-21T13:22:26.878013,28.7,65.0,1,0,0,9
2026-06-21T13:22:30.891442,28.7,65.0,1,0,0,0
2026-06-21T13:22:30.892037,28.8,65.0,1,0,0,2
2026-06-21T13:22:32.897153,28.2,65.0,1,0,0,5
2026-06-21T13:22:34.900567,27.6,66.0,1,0,0,7
2026-06-21T13:22:36.905888,28.9,65.0,1,0,0,7
2026-06-21T13:22:38.911762,27.3,66.0,1,0,0,10
2026-06-21T13:22:40.915807,27.5,66.0,1,0,0,12
2026-06-21T13:22:42.921045,27.9,66.0,1,0,0,14
2026-06-21T13:22:46.931798,27.7,66.0,1,0,0,17
2026-06-21T13:22:46.933777,27.5,66.0,1,0,0,19
2026-06-21T13:22:48.934421,27.9,66.0,1,0,0,19
2026-06-21T13:22:52.947485,27.5,66.0,1,0,0,22
2026-06-21T13:22:52.948508,27.9,66.0,1,0,0,24
2026-06-21T13:22:56.956036,27.5,66.0,1,0,0,26
2026-06-21T13:22:56.957042,27.7,66.0,1,0,0,29
2026-06-21T13:23:00.968245,27.2,66.0,1,0,0,31
2026-06-21T13:23:00.969249,27.3,66.0,1,0,0,31
2026-06-21T13:23:02.969068,27.3,66.0,1,0,0,34
2026-06-21T13:23:06.984193,27.5,66.0,1,0,0,36
2026-06-21T13:23:06.985191,27.8,66.0,1,0,0,0
2026-06-21T13:23:08.987306,27.9,66.0,1,0,0,2
2026-06-21T13:23:10.991094,27.2,66.0,1,0,0,4
2026-06-21T13:23:12.997407,27.5,66.0,1,0,0,5
2026-06-21T13:23:15.004003,27.7,66.0,1,0,0,7
2026-06-21T13:23:17.007202,27.3,66.0,1,0,0,9
2026-06-21T13:23:21.018387,27.6,66.0,1,0,0,0
2026-06-21T13:23:21.019388,27.2,66.0,1,0,0,2
2026-06-21T13:23:23.019000,27.1,66.0,1,0,0,4
2026-06-21T13:23:25.027560,27.7,66.0,1,0,0,5
2026-06-21T13:23:27.033056,27.4,66.0,1,0,0,7
2026-06-21T13:23:29.038488,27.4,66.0,1,0,0,10
2026-06-21T13:23:31.040411,27.6,66.0,1,0,0,12
2026-06-21T13:23:33.048075,27.2,65.0,1,0,0,14
2026-06-21T13:23:35.053276,27.4,65.0,1,0,0,16
2026-06-21T13:23:37.058179,27.6,65.0,1,0,0,17
2026-06-21T13:23:39.061329,27.8,66.0,1,0,0,19
2026-06-21T13:23:41.068202,27.0,66.0,1,0,0,22
2026-06-21T13:23:43.069874,27.3,65.0,1,0,0,24
2026-06-21T13:23:45.077703,27.1,66.0,1,0,0,26
2026-06-21T13:23:47.081710,27.4,65.0,1,0,0,28
2026-06-21T13:23:51.095569,27.2,66.0,1,0,0,29
2026-06-21T13:23:51.097566,27.1,66.0,1,0,0,31
2026-06-21T13:23:53.096131,27.5,66.0,1,0,0,34
2026-06-21T13:23:55.104763,27.4,66.0,1,0,0,36
2026-06-21T13:23:59.110371,27.9,66.0,1,0,0,0
2026-06-21T13:23:59.116400,27.5,66.0,1,0,0,2
2026-06-21T13:24:05.133750,27.0,66.0,1,0,0,5
2026-06-21T13:24:05.134751,27.2,66.0,1,0,0,7
2026-06-21T13:24:07.138191,27.8,65.0,1,0,0,10
2026-06-21T13:24:11.145142,27.7,65.0,1,0,0,12
2026-06-21T13:24:11.151649,27.3,65.0,1,0,0,14
2026-06-21T13:24:13.155509,27.4,66.0,1,0,0,14
2026-06-21T13:24:17.166350,27.1,66.0,1,0,0,17
2026-06-21T13:24:17.167352,27.7,66.0,1,0,0,19
2026-06-21T13:24:19.172119,27.5,66.0,1,0,0,0
2026-06-21T13:24:21.175202,27.6,66.0,1,0,0,2
2026-06-21T13:24:23.181263,27.4,66.0,1,0,0,3
2026-06-21T13:24:25.186272,27.6,66.0,1,0,0,5
2026-06-21T13:24:29.195330,27.3,66.0,1,0,0,7
2026-06-21T13:24:29.197338,27.6,66.0,1,0,0,10
2026-06-21T13:24:31.197802,27.1,66.0,1,0,0,12
2026-06-21T13:24:33.205684,27.0,66.0,1,0,0,14
2026-06-21T13:24:37.209102,27.5,66.0,1,0,0,15
2026-06-21T13:24:37.209102,27.1,66.0,1,0,0,17
2026-06-21T13:24:39.221483,27.9,66.0,1,0,0,0
2026-06-21T13:24:41.223411,27.7,66.0,1,0,0,2
2026-06-21T13:24:45.236217,27.3,66.0,1,0,0,5
2026-06-21T13:24:45.237264,27.9,66.0,1,0,0,7
2026-06-21T13:24:47.240566,27.6,66.0,1,0,0,7
2026-06-21T13:24:49.245648,27.4,66.0,1,0,0,9
2026-06-21T13:24:51.251830,27.5,66.0,1,0,0,0
